video_name,video_format,resolution,bitrate,JOD_ref_compare,content_name,Type
0_Balance_Forest_HDR10_1280x720_2000k.mp4,HDR10,1280x720,2000,7.143184938484670,0_Balance_Forest,Open-source
0_Balance_Forest_HDR10_1280x720_4000k.mp4,HDR10,1280x720,4000,8.60474087430315,0_Balance_Forest,Open-source
0_Balance_Forest_HDR10_1920x1080_3000k.mp4,HDR10,1920x1080,3000,7.75978879846661,0_Balance_Forest,Open-source
0_Balance_Forest_HDR10_2560x1440_10000k.mp4,HDR10,2560x1440,10000,9.43713682908566,0_Balance_Forest,Open-source
0_Balance_Forest_HDR10_3840x2160_15000k.mp4,HDR10,3840x2160,15000,9.76796929933711,0_Balance_Forest,Open-source
0_Balance_Forest_HDR10_3840x2160_50000k.mp4,HDR10,3840x2160,50000,10.0,0_Balance_Forest,Open-source
0_Balance_Forest_HDR10_3840x2160_6000k.mp4,HDR10,3840x2160,6000,8.92402774281973,0_Balance_Forest,Open-source
0_Balance_Forest_HDR10_960x540_1500k.mp4,HDR10,960x540,1500,6.95466287109527,0_Balance_Forest,Open-source
0_Balance_Forest_HDR10_960x540_800k.mp4,HDR10,960x540,800,5.28604883702863,0_Balance_Forest,Open-source
0_Balance_Forest_SDR_1280x720_2000k.mp4,SDR,1280x720,2000,7.89814818593371,0_Balance_Forest,Open-source
0_Balance_Forest_SDR_1280x720_4000k.mp4,SDR,1280x720,4000,9.24156877949258,0_Balance_Forest,Open-source
0_Balance_Forest_SDR_1920x1080_3000k.mp4,SDR,1920x1080,3000,8.48727945606277,0_Balance_Forest,Open-source
0_Balance_Forest_SDR_2560x1440_10000k.mp4,SDR,2560x1440,10000,9.26128158309192,0_Balance_Forest,Open-source
0_Balance_Forest_SDR_3840x2160_15000k.mp4,SDR,3840x2160,15000,9.96314142984016,0_Balance_Forest,Open-source
0_Balance_Forest_SDR_3840x2160_50000k.mp4,SDR,3840x2160,50000,10.0,0_Balance_Forest,Open-source
0_Balance_Forest_SDR_3840x2160_6000k.mp4,SDR,3840x2160,6000,9.16759522124979,0_Balance_Forest,Open-source
0_Balance_Forest_SDR_960x540_1500k.mp4,SDR,960x540,1500,7.592526172065820,0_Balance_Forest,Open-source
0_Balance_Forest_SDR_960x540_800k.mp4,SDR,960x540,800,6.16765432348196,0_Balance_Forest,Open-source
1_Basketball_Afternoon_HDR10_1280x720_2000k.mp4,HDR10,1280x720,2000,6.9453412108526700,1_Basketball_Afternoon,Open-source
1_Basketball_Afternoon_HDR10_1280x720_4000k.mp4,HDR10,1280x720,4000,7.63019738011207,1_Basketball_Afternoon,Open-source
1_Basketball_Afternoon_HDR10_1920x1080_3000k.mp4,HDR10,1920x1080,3000,8.46291626051287,1_Basketball_Afternoon,Open-source
1_Basketball_Afternoon_HDR10_2560x1440_10000k.mp4,HDR10,2560x1440,10000,9.238378554556120,1_Basketball_Afternoon,Open-source
1_Basketball_Afternoon_HDR10_3840x2160_15000k.mp4,HDR10,3840x2160,15000,9.6227760597037,1_Basketball_Afternoon,Open-source
1_Basketball_Afternoon_HDR10_3840x2160_50000k.mp4,HDR10,3840x2160,50000,10.0,1_Basketball_Afternoon,Open-source
1_Basketball_Afternoon_HDR10_3840x2160_6000k.mp4,HDR10,3840x2160,6000,9.17704847966671,1_Basketball_Afternoon,Open-source
1_Basketball_Afternoon_HDR10_960x540_1500k.mp4,HDR10,960x540,1500,6.66854268281129,1_Basketball_Afternoon,Open-source
1_Basketball_Afternoon_HDR10_960x540_800k.mp4,HDR10,960x540,800,5.33257565902044,1_Basketball_Afternoon,Open-source
1_Basketball_Afternoon_SDR_1280x720_2000k.mp4,SDR,1280x720,2000,7.54136573770338,1_Basketball_Afternoon,Open-source
1_Basketball_Afternoon_SDR_1280x720_4000k.mp4,SDR,1280x720,4000,8.586135799025990,1_Basketball_Afternoon,Open-source
1_Basketball_Afternoon_SDR_1920x1080_3000k.mp4,SDR,1920x1080,3000,8.44659037043367,1_Basketball_Afternoon,Open-source
1_Basketball_Afternoon_SDR_2560x1440_10000k.mp4,SDR,2560x1440,10000,9.38614604739442,1_Basketball_Afternoon,Open-source
1_Basketball_Afternoon_SDR_3840x2160_15000k.mp4,SDR,3840x2160,15000,10.35199115756670,1_Basketball_Afternoon,Open-source
1_Basketball_Afternoon_SDR_3840x2160_50000k.mp4,SDR,3840x2160,50000,10.0,1_Basketball_Afternoon,Open-source
1_Basketball_Afternoon_SDR_3840x2160_6000k.mp4,SDR,3840x2160,6000,9.56115038886617,1_Basketball_Afternoon,Open-source
1_Basketball_Afternoon_SDR_960x540_1500k.mp4,SDR,960x540,1500,6.64916264112979,1_Basketball_Afternoon,Open-source
1_Basketball_Afternoon_SDR_960x540_800k.mp4,SDR,960x540,800,4.99367664382048,1_Basketball_Afternoon,Open-source
10_Fountain_HDR10_1280x720_2000k.mp4,HDR10,1280x720,2000,6.9276670586437,10_Fountain,Open-source
10_Fountain_HDR10_1280x720_4000k.mp4,HDR10,1280x720,4000,7.65967843925569,10_Fountain,Open-source
10_Fountain_HDR10_1920x1080_3000k.mp4,HDR10,1920x1080,3000,7.2218655007048400,10_Fountain,Open-source
10_Fountain_HDR10_2560x1440_10000k.mp4,HDR10,2560x1440,10000,8.42539124790591,10_Fountain,Open-source
10_Fountain_HDR10_3840x2160_15000k.mp4,HDR10,3840x2160,15000,9.34072016726492,10_Fountain,Open-source
10_Fountain_HDR10_3840x2160_50000k.mp4,HDR10,3840x2160,50000,10.0,10_Fountain,Open-source
10_Fountain_HDR10_3840x2160_6000k.mp4,HDR10,3840x2160,6000,7.57997824131319,10_Fountain,Open-source
10_Fountain_HDR10_960x540_1500k.mp4,HDR10,960x540,1500,6.6308980577526,10_Fountain,Open-source
10_Fountain_HDR10_960x540_800k.mp4,HDR10,960x540,800,5.50106162256701,10_Fountain,Open-source
10_Fountain_SDR_1280x720_2000k.mp4,SDR,1280x720,2000,7.710637814849240,10_Fountain,Open-source
10_Fountain_SDR_1280x720_4000k.mp4,SDR,1280x720,4000,8.435417947849820,10_Fountain,Open-source
10_Fountain_SDR_1920x1080_3000k.mp4,SDR,1920x1080,3000,7.13703212133674,10_Fountain,Open-source
10_Fountain_SDR_2560x1440_10000k.mp4,SDR,2560x1440,10000,8.74535963836623,10_Fountain,Open-source
10_Fountain_SDR_3840x2160_15000k.mp4,SDR,3840x2160,15000,8.78879892896355,10_Fountain,Open-source
10_Fountain_SDR_3840x2160_50000k.mp4,SDR,3840x2160,50000,10.0,10_Fountain,Open-source
10_Fountain_SDR_3840x2160_6000k.mp4,SDR,3840x2160,6000,8.39911495386056,10_Fountain,Open-source
10_Fountain_SDR_960x540_1500k.mp4,SDR,960x540,1500,7.42829179681164,10_Fountain,Open-source
10_Fountain_SDR_960x540_800k.mp4,SDR,960x540,800,6.08180271847338,10_Fountain,Open-source
11_Guitar_Handheld_HDR10_1280x720_2000k.mp4,HDR10,1280x720,2000,6.58049709524178,11_Guitar_Handheld,Open-source
11_Guitar_Handheld_HDR10_1280x720_4000k.mp4,HDR10,1280x720,4000,7.19307926179083,11_Guitar_Handheld,Open-source
11_Guitar_Handheld_HDR10_1920x1080_3000k.mp4,HDR10,1920x1080,3000,7.2705283471502,11_Guitar_Handheld,Open-source
11_Guitar_Handheld_HDR10_2560x1440_10000k.mp4,HDR10,2560x1440,10000,8.70962841351902,11_Guitar_Handheld,Open-source
11_Guitar_Handheld_HDR10_3840x2160_15000k.mp4,HDR10,3840x2160,15000,8.3417938861437,11_Guitar_Handheld,Open-source
11_Guitar_Handheld_HDR10_3840x2160_50000k.mp4,HDR10,3840x2160,50000,10.0,11_Guitar_Handheld,Open-source
11_Guitar_Handheld_HDR10_3840x2160_6000k.mp4,HDR10,3840x2160,6000,7.984998735444660,11_Guitar_Handheld,Open-source
11_Guitar_Handheld_HDR10_960x540_1500k.mp4,HDR10,960x540,1500,6.68405511829364,11_Guitar_Handheld,Open-source
11_Guitar_Handheld_HDR10_960x540_800k.mp4,HDR10,960x540,800,5.47966482653578,11_Guitar_Handheld,Open-source
11_Guitar_Handheld_SDR_1280x720_2000k.mp4,SDR,1280x720,2000,8.58586237108907,11_Guitar_Handheld,Open-source
11_Guitar_Handheld_SDR_1280x720_4000k.mp4,SDR,1280x720,4000,8.83705652709215,11_Guitar_Handheld,Open-source
11_Guitar_Handheld_SDR_1920x1080_3000k.mp4,SDR,1920x1080,3000,9.606650957523,11_Guitar_Handheld,Open-source
11_Guitar_Handheld_SDR_2560x1440_10000k.mp4,SDR,2560x1440,10000,9.04708516411051,11_Guitar_Handheld,Open-source
11_Guitar_Handheld_SDR_3840x2160_15000k.mp4,SDR,3840x2160,15000,10.27123815213460,11_Guitar_Handheld,Open-source
11_Guitar_Handheld_SDR_3840x2160_50000k.mp4,SDR,3840x2160,50000,10.0,11_Guitar_Handheld,Open-source
11_Guitar_Handheld_SDR_3840x2160_6000k.mp4,SDR,3840x2160,6000,9.66839973996942,11_Guitar_Handheld,Open-source
11_Guitar_Handheld_SDR_960x540_1500k.mp4,SDR,960x540,1500,7.6038391257669,11_Guitar_Handheld,Open-source
11_Guitar_Handheld_SDR_960x540_800k.mp4,SDR,960x540,800,7.34768498475241,11_Guitar_Handheld,Open-source
12_Guitar_Tripod_HDR10_1280x720_2000k.mp4,HDR10,1280x720,2000,7.78680821579315,12_Guitar_Tripod,Open-source
12_Guitar_Tripod_HDR10_1280x720_4000k.mp4,HDR10,1280x720,4000,8.427765576000090,12_Guitar_Tripod,Open-source
12_Guitar_Tripod_HDR10_1920x1080_3000k.mp4,HDR10,1920x1080,3000,8.84680071655543,12_Guitar_Tripod,Open-source
12_Guitar_Tripod_HDR10_2560x1440_10000k.mp4,HDR10,2560x1440,10000,9.72179999436828,12_Guitar_Tripod,Open-source
12_Guitar_Tripod_HDR10_3840x2160_15000k.mp4,HDR10,3840x2160,15000,9.87098841414555,12_Guitar_Tripod,Open-source
12_Guitar_Tripod_HDR10_3840x2160_50000k.mp4,HDR10,3840x2160,50000,10.0,12_Guitar_Tripod,Open-source
12_Guitar_Tripod_HDR10_3840x2160_6000k.mp4,HDR10,3840x2160,6000,9.37805834103913,12_Guitar_Tripod,Open-source
12_Guitar_Tripod_HDR10_960x540_1500k.mp4,HDR10,960x540,1500,7.00584790328842,12_Guitar_Tripod,Open-source
12_Guitar_Tripod_HDR10_960x540_800k.mp4,HDR10,960x540,800,6.5987360865120900,12_Guitar_Tripod,Open-source
12_Guitar_Tripod_SDR_1280x720_2000k.mp4,SDR,1280x720,2000,8.1200331456211,12_Guitar_Tripod,Open-source
12_Guitar_Tripod_SDR_1280x720_4000k.mp4,SDR,1280x720,4000,8.43074492925053,12_Guitar_Tripod,Open-source
12_Guitar_Tripod_SDR_1920x1080_3000k.mp4,SDR,1920x1080,3000,8.75203915164634,12_Guitar_Tripod,Open-source
12_Guitar_Tripod_SDR_2560x1440_10000k.mp4,SDR,2560x1440,10000,9.590066787192450,12_Guitar_Tripod,Open-source
12_Guitar_Tripod_SDR_3840x2160_15000k.mp4,SDR,3840x2160,15000,10.10208744953700,12_Guitar_Tripod,Open-source
12_Guitar_Tripod_SDR_3840x2160_50000k.mp4,SDR,3840x2160,50000,10.0,12_Guitar_Tripod,Open-source
12_Guitar_Tripod_SDR_3840x2160_6000k.mp4,SDR,3840x2160,6000,10.04555949377680,12_Guitar_Tripod,Open-source
12_Guitar_Tripod_SDR_960x540_1500k.mp4,SDR,960x540,1500,6.809557419070800,12_Guitar_Tripod,Open-source
12_Guitar_Tripod_SDR_960x540_800k.mp4,SDR,960x540,800,6.54797569753944,12_Guitar_Tripod,Open-source
13_Interview_HDR10_1280x720_2000k.mp4,HDR10,1280x720,2000,7.90310970477598,13_Interview,Open-source
13_Interview_HDR10_1280x720_4000k.mp4,HDR10,1280x720,4000,8.10358406340151,13_Interview,Open-source
13_Interview_HDR10_1920x1080_3000k.mp4,HDR10,1920x1080,3000,8.78683300623652,13_Interview,Open-source
13_Interview_HDR10_2560x1440_10000k.mp4,HDR10,2560x1440,10000,9.1575100862356,13_Interview,Open-source
13_Interview_HDR10_3840x2160_15000k.mp4,HDR10,3840x2160,15000,9.83120006344879,13_Interview,Open-source
13_Interview_HDR10_3840x2160_50000k.mp4,HDR10,3840x2160,50000,10.0,13_Interview,Open-source
13_Interview_HDR10_3840x2160_6000k.mp4,HDR10,3840x2160,6000,9.60015423041347,13_Interview,Open-source
13_Interview_HDR10_960x540_1500k.mp4,HDR10,960x540,1500,7.64859799188859,13_Interview,Open-source
13_Interview_HDR10_960x540_800k.mp4,HDR10,960x540,800,6.95919537294108,13_Interview,Open-source
13_Interview_SDR_1280x720_2000k.mp4,SDR,1280x720,2000,9.05197449103406,13_Interview,Open-source
13_Interview_SDR_1280x720_4000k.mp4,SDR,1280x720,4000,9.23638228004938,13_Interview,Open-source
13_Interview_SDR_1920x1080_3000k.mp4,SDR,1920x1080,3000,10.087054527809500,13_Interview,Open-source
13_Interview_SDR_2560x1440_10000k.mp4,SDR,2560x1440,10000,9.97365893540725,13_Interview,Open-source
13_Interview_SDR_3840x2160_15000k.mp4,SDR,3840x2160,15000,10.284475489104300,13_Interview,Open-source
13_Interview_SDR_3840x2160_50000k.mp4,SDR,3840x2160,50000,10.0,13_Interview,Open-source
13_Interview_SDR_3840x2160_6000k.mp4,SDR,3840x2160,6000,10.09506738323030,13_Interview,Open-source
13_Interview_SDR_960x540_1500k.mp4,SDR,960x540,1500,9.03541734244869,13_Interview,Open-source
13_Interview_SDR_960x540_800k.mp4,SDR,960x540,800,8.25117662043847,13_Interview,Open-source
14_Knitting_Close_HDR10_1280x720_2000k.mp4,HDR10,1280x720,2000,8.05499630874457,14_Knitting_Close,Open-source
14_Knitting_Close_HDR10_1280x720_4000k.mp4,HDR10,1280x720,4000,9.09913451716751,14_Knitting_Close,Open-source
14_Knitting_Close_HDR10_1920x1080_3000k.mp4,HDR10,1920x1080,3000,9.10812501455737,14_Knitting_Close,Open-source
14_Knitting_Close_HDR10_2560x1440_10000k.mp4,HDR10,2560x1440,10000,9.68366665925561,14_Knitting_Close,Open-source
14_Knitting_Close_HDR10_3840x2160_15000k.mp4,HDR10,3840x2160,15000,10.192885947996600,14_Knitting_Close,Open-source
14_Knitting_Close_HDR10_3840x2160_50000k.mp4,HDR10,3840x2160,50000,10.0,14_Knitting_Close,Open-source
14_Knitting_Close_HDR10_3840x2160_6000k.mp4,HDR10,3840x2160,6000,8.998738837428450,14_Knitting_Close,Open-source
14_Knitting_Close_HDR10_960x540_1500k.mp4,HDR10,960x540,1500,7.49984058807978,14_Knitting_Close,Open-source
14_Knitting_Close_HDR10_960x540_800k.mp4,HDR10,960x540,800,6.4655607552517300,14_Knitting_Close,Open-source
14_Knitting_Close_SDR_1280x720_2000k.mp4,SDR,1280x720,2000,8.74665221952672,14_Knitting_Close,Open-source
14_Knitting_Close_SDR_1280x720_4000k.mp4,SDR,1280x720,4000,9.02785460582642,14_Knitting_Close,Open-source
14_Knitting_Close_SDR_1920x1080_3000k.mp4,SDR,1920x1080,3000,8.94141611159837,14_Knitting_Close,Open-source
14_Knitting_Close_SDR_2560x1440_10000k.mp4,SDR,2560x1440,10000,9.74084870454706,14_Knitting_Close,Open-source
14_Knitting_Close_SDR_3840x2160_15000k.mp4,SDR,3840x2160,15000,9.77375406576816,14_Knitting_Close,Open-source
14_Knitting_Close_SDR_3840x2160_50000k.mp4,SDR,3840x2160,50000,10.0,14_Knitting_Close,Open-source
14_Knitting_Close_SDR_3840x2160_6000k.mp4,SDR,3840x2160,6000,9.06195208799298,14_Knitting_Close,Open-source
14_Knitting_Close_SDR_960x540_1500k.mp4,SDR,960x540,1500,7.93189274476484,14_Knitting_Close,Open-source
14_Knitting_Close_SDR_960x540_800k.mp4,SDR,960x540,800,6.8649859561918,14_Knitting_Close,Open-source
15_Knitting_Total_HDR10_1280x720_2000k.mp4,HDR10,1280x720,2000,7.8533813107615100,15_Knitting_Total,Open-source
15_Knitting_Total_HDR10_1280x720_4000k.mp4,HDR10,1280x720,4000,8.71993645472294,15_Knitting_Total,Open-source
15_Knitting_Total_HDR10_1920x1080_3000k.mp4,HDR10,1920x1080,3000,8.63081555141791,15_Knitting_Total,Open-source
15_Knitting_Total_HDR10_2560x1440_10000k.mp4,HDR10,2560x1440,10000,9.758832266004900,15_Knitting_Total,Open-source
15_Knitting_Total_HDR10_3840x2160_15000k.mp4,HDR10,3840x2160,15000,10.06633442681090,15_Knitting_Total,Open-source
15_Knitting_Total_HDR10_3840x2160_50000k.mp4,HDR10,3840x2160,50000,10.0,15_Knitting_Total,Open-source
15_Knitting_Total_HDR10_3840x2160_6000k.mp4,HDR10,3840x2160,6000,9.78216291327816,15_Knitting_Total,Open-source
15_Knitting_Total_HDR10_960x540_1500k.mp4,HDR10,960x540,1500,6.749206470755090,15_Knitting_Total,Open-source
15_Knitting_Total_HDR10_960x540_800k.mp4,HDR10,960x540,800,6.189008315352,15_Knitting_Total,Open-source
15_Knitting_Total_SDR_1280x720_2000k.mp4,SDR,1280x720,2000,8.29872204040813,15_Knitting_Total,Open-source
15_Knitting_Total_SDR_1280x720_4000k.mp4,SDR,1280x720,4000,8.72210096698746,15_Knitting_Total,Open-source
15_Knitting_Total_SDR_1920x1080_3000k.mp4,SDR,1920x1080,3000,8.7225363376274,15_Knitting_Total,Open-source
15_Knitting_Total_SDR_2560x1440_10000k.mp4,SDR,2560x1440,10000,9.458218832111020,15_Knitting_Total,Open-source
15_Knitting_Total_SDR_3840x2160_15000k.mp4,SDR,3840x2160,15000,10.19760746603060,15_Knitting_Total,Open-source
15_Knitting_Total_SDR_3840x2160_50000k.mp4,SDR,3840x2160,50000,10.0,15_Knitting_Total,Open-source
15_Knitting_Total_SDR_3840x2160_6000k.mp4,SDR,3840x2160,6000,10.151922227632800,15_Knitting_Total,Open-source
15_Knitting_Total_SDR_960x540_1500k.mp4,SDR,960x540,1500,7.3979998267273400,15_Knitting_Total,Open-source
15_Knitting_Total_SDR_960x540_800k.mp4,SDR,960x540,800,6.31702306356779,15_Knitting_Total,Open-source
16_Night_Biking_HDR10_1280x720_2000k.mp4,HDR10,1280x720,2000,7.85195663366113,16_Night_Biking,Open-source
16_Night_Biking_HDR10_1280x720_4000k.mp4,HDR10,1280x720,4000,8.67895013873122,16_Night_Biking,Open-source
16_Night_Biking_HDR10_1920x1080_3000k.mp4,HDR10,1920x1080,3000,8.89176013139711,16_Night_Biking,Open-source
16_Night_Biking_HDR10_2560x1440_10000k.mp4,HDR10,2560x1440,10000,10.01392613159710,16_Night_Biking,Open-source
16_Night_Biking_HDR10_3840x2160_15000k.mp4,HDR10,3840x2160,15000,10.42226559531900,16_Night_Biking,Open-source
16_Night_Biking_HDR10_3840x2160_50000k.mp4,HDR10,3840x2160,50000,10.0,16_Night_Biking,Open-source
16_Night_Biking_HDR10_3840x2160_6000k.mp4,HDR10,3840x2160,6000,9.88087737666216,16_Night_Biking,Open-source
16_Night_Biking_HDR10_960x540_1500k.mp4,HDR10,960x540,1500,7.4624361892597100,16_Night_Biking,Open-source
16_Night_Biking_HDR10_960x540_800k.mp4,HDR10,960x540,800,7.13593131840512,16_Night_Biking,Open-source
16_Night_Biking_SDR_1280x720_2000k.mp4,SDR,1280x720,2000,7.7036761245759,16_Night_Biking,Open-source
16_Night_Biking_SDR_1280x720_4000k.mp4,SDR,1280x720,4000,8.32678736007731,16_Night_Biking,Open-source
16_Night_Biking_SDR_1920x1080_3000k.mp4,SDR,1920x1080,3000,8.990099318584620,16_Night_Biking,Open-source
16_Night_Biking_SDR_2560x1440_10000k.mp4,SDR,2560x1440,10000,9.27455138000408,16_Night_Biking,Open-source
16_Night_Biking_SDR_3840x2160_15000k.mp4,SDR,3840x2160,15000,9.5843184607111,16_Night_Biking,Open-source
16_Night_Biking_SDR_3840x2160_50000k.mp4,SDR,3840x2160,50000,10.0,16_Night_Biking,Open-source
16_Night_Biking_SDR_3840x2160_6000k.mp4,SDR,3840x2160,6000,9.22228886665722,16_Night_Biking,Open-source
16_Night_Biking_SDR_960x540_1500k.mp4,SDR,960x540,1500,7.057526921711340,16_Night_Biking,Open-source
16_Night_Biking_SDR_960x540_800k.mp4,SDR,960x540,800,6.43092710939024,16_Night_Biking,Open-source
17_Onion_1_HDR10_1280x720_2000k.mp4,HDR10,1280x720,2000,7.11634496298929,17_Onion_1,Open-source
17_Onion_1_HDR10_1280x720_4000k.mp4,HDR10,1280x720,4000,8.45883798794002,17_Onion_1,Open-source
17_Onion_1_HDR10_1920x1080_3000k.mp4,HDR10,1920x1080,3000,8.103608700882410,17_Onion_1,Open-source
17_Onion_1_HDR10_2560x1440_10000k.mp4,HDR10,2560x1440,10000,9.88931581610061,17_Onion_1,Open-source
17_Onion_1_HDR10_3840x2160_15000k.mp4,HDR10,3840x2160,15000,10.23637406197250,17_Onion_1,Open-source
17_Onion_1_HDR10_3840x2160_50000k.mp4,HDR10,3840x2160,50000,10.0,17_Onion_1,Open-source
17_Onion_1_HDR10_3840x2160_6000k.mp4,HDR10,3840x2160,6000,8.22319846317295,17_Onion_1,Open-source
17_Onion_1_HDR10_960x540_1500k.mp4,HDR10,960x540,1500,7.0872878585638,17_Onion_1,Open-source
17_Onion_1_HDR10_960x540_800k.mp4,HDR10,960x540,800,5.90836947941872,17_Onion_1,Open-source
17_Onion_1_SDR_1280x720_2000k.mp4,SDR,1280x720,2000,7.19389029662376,17_Onion_1,Open-source
17_Onion_1_SDR_1280x720_4000k.mp4,SDR,1280x720,4000,8.37499499475329,17_Onion_1,Open-source
17_Onion_1_SDR_1920x1080_3000k.mp4,SDR,1920x1080,3000,7.54909660548891,17_Onion_1,Open-source
17_Onion_1_SDR_2560x1440_10000k.mp4,SDR,2560x1440,10000,9.3292781977815,17_Onion_1,Open-source
17_Onion_1_SDR_3840x2160_15000k.mp4,SDR,3840x2160,15000,9.29906226250059,17_Onion_1,Open-source
17_Onion_1_SDR_3840x2160_50000k.mp4,SDR,3840x2160,50000,10.0,17_Onion_1,Open-source
17_Onion_1_SDR_3840x2160_6000k.mp4,SDR,3840x2160,6000,8.56501766011446,17_Onion_1,Open-source
17_Onion_1_SDR_960x540_1500k.mp4,SDR,960x540,1500,7.31508148995853,17_Onion_1,Open-source
17_Onion_1_SDR_960x540_800k.mp4,SDR,960x540,800,6.60150829163711,17_Onion_1,Open-source
18_Onion_2_HDR10_1280x720_2000k.mp4,HDR10,1280x720,2000,7.67511559661131,18_Onion_2,Open-source
18_Onion_2_HDR10_1280x720_4000k.mp4,HDR10,1280x720,4000,8.25708686767077,18_Onion_2,Open-source
18_Onion_2_HDR10_1920x1080_3000k.mp4,HDR10,1920x1080,3000,8.05404530666976,18_Onion_2,Open-source
18_Onion_2_HDR10_2560x1440_10000k.mp4,HDR10,2560x1440,10000,9.7735906034275,18_Onion_2,Open-source
18_Onion_2_HDR10_3840x2160_15000k.mp4,HDR10,3840x2160,15000,9.41391187742811,18_Onion_2,Open-source
18_Onion_2_HDR10_3840x2160_50000k.mp4,HDR10,3840x2160,50000,10.0,18_Onion_2,Open-source
18_Onion_2_HDR10_3840x2160_6000k.mp4,HDR10,3840x2160,6000,9.21828786547637,18_Onion_2,Open-source
18_Onion_2_HDR10_960x540_1500k.mp4,HDR10,960x540,1500,7.087178673476530,18_Onion_2,Open-source
18_Onion_2_HDR10_960x540_800k.mp4,HDR10,960x540,800,5.8389669389717,18_Onion_2,Open-source
18_Onion_2_SDR_1280x720_2000k.mp4,SDR,1280x720,2000,8.58068305254285,18_Onion_2,Open-source
18_Onion_2_SDR_1280x720_4000k.mp4,SDR,1280x720,4000,8.5785088317765,18_Onion_2,Open-source
18_Onion_2_SDR_1920x1080_3000k.mp4,SDR,1920x1080,3000,8.26068450468111,18_Onion_2,Open-source
18_Onion_2_SDR_2560x1440_10000k.mp4,SDR,2560x1440,10000,9.40175481146635,18_Onion_2,Open-source
18_Onion_2_SDR_3840x2160_15000k.mp4,SDR,3840x2160,15000,9.813000427866760,18_Onion_2,Open-source
18_Onion_2_SDR_3840x2160_50000k.mp4,SDR,3840x2160,50000,10.0,18_Onion_2,Open-source
18_Onion_2_SDR_3840x2160_6000k.mp4,SDR,3840x2160,6000,8.81215440802875,18_Onion_2,Open-source
18_Onion_2_SDR_960x540_1500k.mp4,SDR,960x540,1500,7.9689963959470300,18_Onion_2,Open-source
18_Onion_2_SDR_960x540_800k.mp4,SDR,960x540,800,7.191942133290840,18_Onion_2,Open-source
19_Parcours_HDR10_1280x720_2000k.mp4,HDR10,1280x720,2000,7.6084534721599000,19_Parcours,Open-source
19_Parcours_HDR10_1280x720_4000k.mp4,HDR10,1280x720,4000,8.62317492652012,19_Parcours,Open-source
19_Parcours_HDR10_1920x1080_3000k.mp4,HDR10,1920x1080,3000,8.17982179932123,19_Parcours,Open-source
19_Parcours_HDR10_2560x1440_10000k.mp4,HDR10,2560x1440,10000,9.38978996905191,19_Parcours,Open-source
19_Parcours_HDR10_3840x2160_15000k.mp4,HDR10,3840x2160,15000,9.535139821786120,19_Parcours,Open-source
19_Parcours_HDR10_3840x2160_50000k.mp4,HDR10,3840x2160,50000,10.0,19_Parcours,Open-source
19_Parcours_HDR10_3840x2160_6000k.mp4,HDR10,3840x2160,6000,9.151158208398,19_Parcours,Open-source
19_Parcours_HDR10_960x540_1500k.mp4,HDR10,960x540,1500,6.37902741403048,19_Parcours,Open-source
19_Parcours_HDR10_960x540_800k.mp4,HDR10,960x540,800,4.64169963020591,19_Parcours,Open-source
19_Parcours_SDR_1280x720_2000k.mp4,SDR,1280x720,2000,7.059568028677000,19_Parcours,Open-source
19_Parcours_SDR_1280x720_4000k.mp4,SDR,1280x720,4000,8.52391562326054,19_Parcours,Open-source
19_Parcours_SDR_1920x1080_3000k.mp4,SDR,1920x1080,3000,8.21102480524013,19_Parcours,Open-source
19_Parcours_SDR_2560x1440_10000k.mp4,SDR,2560x1440,10000,9.53841066450226,19_Parcours,Open-source
19_Parcours_SDR_3840x2160_15000k.mp4,SDR,3840x2160,15000,9.49811524129327,19_Parcours,Open-source
19_Parcours_SDR_3840x2160_50000k.mp4,SDR,3840x2160,50000,10.0,19_Parcours,Open-source
19_Parcours_SDR_3840x2160_6000k.mp4,SDR,3840x2160,6000,8.85564051447171,19_Parcours,Open-source
19_Parcours_SDR_960x540_1500k.mp4,SDR,960x540,1500,5.7236927416666,19_Parcours,Open-source
19_Parcours_SDR_960x540_800k.mp4,SDR,960x540,800,4.87459687515921,19_Parcours,Open-source
2_Basketball_Evening_HDR10_1280x720_2000k.mp4,HDR10,1280x720,2000,7.35093075163763,2_Basketball_Evening,Open-source
2_Basketball_Evening_HDR10_1280x720_4000k.mp4,HDR10,1280x720,4000,8.01883770729137,2_Basketball_Evening,Open-source
2_Basketball_Evening_HDR10_1920x1080_3000k.mp4,HDR10,1920x1080,3000,8.70105020212593,2_Basketball_Evening,Open-source
2_Basketball_Evening_HDR10_2560x1440_10000k.mp4,HDR10,2560x1440,10000,9.22802188311857,2_Basketball_Evening,Open-source
2_Basketball_Evening_HDR10_3840x2160_15000k.mp4,HDR10,3840x2160,15000,9.830401362037610,2_Basketball_Evening,Open-source
2_Basketball_Evening_HDR10_3840x2160_50000k.mp4,HDR10,3840x2160,50000,10.0,2_Basketball_Evening,Open-source
2_Basketball_Evening_HDR10_3840x2160_6000k.mp4,HDR10,3840x2160,6000,8.604158176849720,2_Basketball_Evening,Open-source
2_Basketball_Evening_HDR10_960x540_1500k.mp4,HDR10,960x540,1500,6.86807233857302,2_Basketball_Evening,Open-source
2_Basketball_Evening_HDR10_960x540_800k.mp4,HDR10,960x540,800,6.63243688520482,2_Basketball_Evening,Open-source
2_Basketball_Evening_SDR_1280x720_2000k.mp4,SDR,1280x720,2000,8.09466927148602,2_Basketball_Evening,Open-source
2_Basketball_Evening_SDR_1280x720_4000k.mp4,SDR,1280x720,4000,8.39361941074409,2_Basketball_Evening,Open-source
2_Basketball_Evening_SDR_1920x1080_3000k.mp4,SDR,1920x1080,3000,8.575659648104110,2_Basketball_Evening,Open-source
2_Basketball_Evening_SDR_2560x1440_10000k.mp4,SDR,2560x1440,10000,9.5665666709606,2_Basketball_Evening,Open-source
2_Basketball_Evening_SDR_3840x2160_15000k.mp4,SDR,3840x2160,15000,10.31862845016010,2_Basketball_Evening,Open-source
2_Basketball_Evening_SDR_3840x2160_50000k.mp4,SDR,3840x2160,50000,10.0,2_Basketball_Evening,Open-source
2_Basketball_Evening_SDR_3840x2160_6000k.mp4,SDR,3840x2160,6000,9.224938122547930,2_Basketball_Evening,Open-source
2_Basketball_Evening_SDR_960x540_1500k.mp4,SDR,960x540,1500,7.2836159401278100,2_Basketball_Evening,Open-source
2_Basketball_Evening_SDR_960x540_800k.mp4,SDR,960x540,800,7.26420510113306,2_Basketball_Evening,Open-source
20_Phone_Call_HDR10_1280x720_2000k.mp4,HDR10,1280x720,2000,7.36906346081369,20_Phone_Call,Open-source
20_Phone_Call_HDR10_1280x720_4000k.mp4,HDR10,1280x720,4000,7.790158365147490,20_Phone_Call,Open-source
20_Phone_Call_HDR10_1920x1080_3000k.mp4,HDR10,1920x1080,3000,8.80357466367451,20_Phone_Call,Open-source
20_Phone_Call_HDR10_2560x1440_10000k.mp4,HDR10,2560x1440,10000,9.50121858913774,20_Phone_Call,Open-source
20_Phone_Call_HDR10_3840x2160_15000k.mp4,HDR10,3840x2160,15000,10.30421083385840,20_Phone_Call,Open-source
20_Phone_Call_HDR10_3840x2160_50000k.mp4,HDR10,3840x2160,50000,10.0,20_Phone_Call,Open-source
20_Phone_Call_HDR10_3840x2160_6000k.mp4,HDR10,3840x2160,6000,9.69120363316496,20_Phone_Call,Open-source
20_Phone_Call_HDR10_960x540_1500k.mp4,HDR10,960x540,1500,6.14354729707455,20_Phone_Call,Open-source
20_Phone_Call_HDR10_960x540_800k.mp4,HDR10,960x540,800,5.8609369152280100,20_Phone_Call,Open-source
20_Phone_Call_SDR_1280x720_2000k.mp4,SDR,1280x720,2000,7.296713119163200,20_Phone_Call,Open-source
20_Phone_Call_SDR_1280x720_4000k.mp4,SDR,1280x720,4000,7.56543683204834,20_Phone_Call,Open-source
20_Phone_Call_SDR_1920x1080_3000k.mp4,SDR,1920x1080,3000,8.24283450962275,20_Phone_Call,Open-source
20_Phone_Call_SDR_2560x1440_10000k.mp4,SDR,2560x1440,10000,8.41323600167925,20_Phone_Call,Open-source
20_Phone_Call_SDR_3840x2160_15000k.mp4,SDR,3840x2160,15000,9.314472746013750,20_Phone_Call,Open-source
20_Phone_Call_SDR_3840x2160_50000k.mp4,SDR,3840x2160,50000,10.0,20_Phone_Call,Open-source
20_Phone_Call_SDR_3840x2160_6000k.mp4,SDR,3840x2160,6000,8.86025864150469,20_Phone_Call,Open-source
20_Phone_Call_SDR_960x540_1500k.mp4,SDR,960x540,1500,5.8086297446941,20_Phone_Call,Open-source
20_Phone_Call_SDR_960x540_800k.mp4,SDR,960x540,800,5.45087835281418,20_Phone_Call,Open-source
21_Power_Pole_Sky_HDR10_1280x720_2000k.mp4,HDR10,1280x720,2000,7.7470762578690500,21_Power_Pole_Sky,Open-source
21_Power_Pole_Sky_HDR10_1280x720_4000k.mp4,HDR10,1280x720,4000,8.555250658690560,21_Power_Pole_Sky,Open-source
21_Power_Pole_Sky_HDR10_1920x1080_3000k.mp4,HDR10,1920x1080,3000,9.02036181683704,21_Power_Pole_Sky,Open-source
21_Power_Pole_Sky_HDR10_2560x1440_10000k.mp4,HDR10,2560x1440,10000,10.25340659004870,21_Power_Pole_Sky,Open-source
21_Power_Pole_Sky_HDR10_3840x2160_15000k.mp4,HDR10,3840x2160,15000,10.121392694400400,21_Power_Pole_Sky,Open-source
21_Power_Pole_Sky_HDR10_3840x2160_50000k.mp4,HDR10,3840x2160,50000,10.0,21_Power_Pole_Sky,Open-source
21_Power_Pole_Sky_HDR10_3840x2160_6000k.mp4,HDR10,3840x2160,6000,10.01224629239200,21_Power_Pole_Sky,Open-source
21_Power_Pole_Sky_HDR10_960x540_1500k.mp4,HDR10,960x540,1500,7.23701071465191,21_Power_Pole_Sky,Open-source
21_Power_Pole_Sky_HDR10_960x540_800k.mp4,HDR10,960x540,800,6.51069790523437,21_Power_Pole_Sky,Open-source
21_Power_Pole_Sky_SDR_1280x720_2000k.mp4,SDR,1280x720,2000,7.79063700209415,21_Power_Pole_Sky,Open-source
21_Power_Pole_Sky_SDR_1280x720_4000k.mp4,SDR,1280x720,4000,8.32143288375199,21_Power_Pole_Sky,Open-source
21_Power_Pole_Sky_SDR_1920x1080_3000k.mp4,SDR,1920x1080,3000,8.94426548450661,21_Power_Pole_Sky,Open-source
21_Power_Pole_Sky_SDR_2560x1440_10000k.mp4,SDR,2560x1440,10000,9.41846242945817,21_Power_Pole_Sky,Open-source
21_Power_Pole_Sky_SDR_3840x2160_15000k.mp4,SDR,3840x2160,15000,10.173676128306200,21_Power_Pole_Sky,Open-source
21_Power_Pole_Sky_SDR_3840x2160_50000k.mp4,SDR,3840x2160,50000,10.0,21_Power_Pole_Sky,Open-source
21_Power_Pole_Sky_SDR_3840x2160_6000k.mp4,SDR,3840x2160,6000,9.27154383794744,21_Power_Pole_Sky,Open-source
21_Power_Pole_Sky_SDR_960x540_1500k.mp4,SDR,960x540,1500,7.07527640175375,21_Power_Pole_Sky,Open-source
21_Power_Pole_Sky_SDR_960x540_800k.mp4,SDR,960x540,800,6.99787248080371,21_Power_Pole_Sky,Open-source
22_Programming_Night_HDR10_1280x720_2000k.mp4,HDR10,1280x720,2000,7.905728030807750,22_Programming_Night,Open-source
22_Programming_Night_HDR10_1280x720_4000k.mp4,HDR10,1280x720,4000,8.02681328513983,22_Programming_Night,Open-source
22_Programming_Night_HDR10_1920x1080_3000k.mp4,HDR10,1920x1080,3000,8.865214085572430,22_Programming_Night,Open-source
22_Programming_Night_HDR10_2560x1440_10000k.mp4,HDR10,2560x1440,10000,9.19095556712962,22_Programming_Night,Open-source
22_Programming_Night_HDR10_3840x2160_15000k.mp4,HDR10,3840x2160,15000,9.64285474547179,22_Programming_Night,Open-source
22_Programming_Night_HDR10_3840x2160_50000k.mp4,HDR10,3840x2160,50000,10.0,22_Programming_Night,Open-source
22_Programming_Night_HDR10_3840x2160_6000k.mp4,HDR10,3840x2160,6000,9.48949534111614,22_Programming_Night,Open-source
22_Programming_Night_HDR10_960x540_1500k.mp4,HDR10,960x540,1500,7.49046645195917,22_Programming_Night,Open-source
22_Programming_Night_HDR10_960x540_800k.mp4,HDR10,960x540,800,6.27460003061528,22_Programming_Night,Open-source
22_Programming_Night_SDR_1280x720_2000k.mp4,SDR,1280x720,2000,8.21912777956275,22_Programming_Night,Open-source
22_Programming_Night_SDR_1280x720_4000k.mp4,SDR,1280x720,4000,8.73918325949191,22_Programming_Night,Open-source
22_Programming_Night_SDR_1920x1080_3000k.mp4,SDR,1920x1080,3000,8.66980311876169,22_Programming_Night,Open-source
22_Programming_Night_SDR_2560x1440_10000k.mp4,SDR,2560x1440,10000,9.19536559679331,22_Programming_Night,Open-source
22_Programming_Night_SDR_3840x2160_15000k.mp4,SDR,3840x2160,15000,9.98551732724609,22_Programming_Night,Open-source
22_Programming_Night_SDR_3840x2160_50000k.mp4,SDR,3840x2160,50000,10.0,22_Programming_Night,Open-source
22_Programming_Night_SDR_3840x2160_6000k.mp4,SDR,3840x2160,6000,9.73383948341767,22_Programming_Night,Open-source
22_Programming_Night_SDR_960x540_1500k.mp4,SDR,960x540,1500,7.56195410516216,22_Programming_Night,Open-source
22_Programming_Night_SDR_960x540_800k.mp4,SDR,960x540,800,7.3963034405537,22_Programming_Night,Open-source
23_Reading_Bench_HDR10_1280x720_2000k.mp4,HDR10,1280x720,2000,8.01568051970316,23_Reading_Bench,Open-source
23_Reading_Bench_HDR10_1280x720_4000k.mp4,HDR10,1280x720,4000,8.4375204865214,23_Reading_Bench,Open-source
23_Reading_Bench_HDR10_1920x1080_3000k.mp4,HDR10,1920x1080,3000,9.25654048869957,23_Reading_Bench,Open-source
23_Reading_Bench_HDR10_2560x1440_10000k.mp4,HDR10,2560x1440,10000,9.43758980826384,23_Reading_Bench,Open-source
23_Reading_Bench_HDR10_3840x2160_15000k.mp4,HDR10,3840x2160,15000,10.40618541950240,23_Reading_Bench,Open-source
23_Reading_Bench_HDR10_3840x2160_50000k.mp4,HDR10,3840x2160,50000,10.0,23_Reading_Bench,Open-source
23_Reading_Bench_HDR10_3840x2160_6000k.mp4,HDR10,3840x2160,6000,9.787544882368350,23_Reading_Bench,Open-source
23_Reading_Bench_HDR10_960x540_1500k.mp4,HDR10,960x540,1500,7.27905457199191,23_Reading_Bench,Open-source
23_Reading_Bench_HDR10_960x540_800k.mp4,HDR10,960x540,800,6.57430192511767,23_Reading_Bench,Open-source
23_Reading_Bench_SDR_1280x720_2000k.mp4,SDR,1280x720,2000,7.596208845997130,23_Reading_Bench,Open-source
23_Reading_Bench_SDR_1280x720_4000k.mp4,SDR,1280x720,4000,8.08812286933853,23_Reading_Bench,Open-source
23_Reading_Bench_SDR_1920x1080_3000k.mp4,SDR,1920x1080,3000,8.88422995179678,23_Reading_Bench,Open-source
23_Reading_Bench_SDR_2560x1440_10000k.mp4,SDR,2560x1440,10000,9.23415532728124,23_Reading_Bench,Open-source
23_Reading_Bench_SDR_3840x2160_15000k.mp4,SDR,3840x2160,15000,9.73306705198966,23_Reading_Bench,Open-source
23_Reading_Bench_SDR_3840x2160_50000k.mp4,SDR,3840x2160,50000,10.0,23_Reading_Bench,Open-source
23_Reading_Bench_SDR_3840x2160_6000k.mp4,SDR,3840x2160,6000,9.40099745620701,23_Reading_Bench,Open-source
23_Reading_Bench_SDR_960x540_1500k.mp4,SDR,960x540,1500,6.622270248117940,23_Reading_Bench,Open-source
23_Reading_Bench_SDR_960x540_800k.mp4,SDR,960x540,800,5.74597740957211,23_Reading_Bench,Open-source
24_Reading_Stairs_HDR10_1280x720_2000k.mp4,HDR10,1280x720,2000,7.49304139982328,24_Reading_Stairs,Open-source
24_Reading_Stairs_HDR10_1280x720_4000k.mp4,HDR10,1280x720,4000,7.55231628912847,24_Reading_Stairs,Open-source
24_Reading_Stairs_HDR10_1920x1080_3000k.mp4,HDR10,1920x1080,3000,8.221582567503,24_Reading_Stairs,Open-source
24_Reading_Stairs_HDR10_2560x1440_10000k.mp4,HDR10,2560x1440,10000,8.92473741079675,24_Reading_Stairs,Open-source
24_Reading_Stairs_HDR10_3840x2160_15000k.mp4,HDR10,3840x2160,15000,9.53336434118965,24_Reading_Stairs,Open-source
24_Reading_Stairs_HDR10_3840x2160_50000k.mp4,HDR10,3840x2160,50000,10.0,24_Reading_Stairs,Open-source
24_Reading_Stairs_HDR10_3840x2160_6000k.mp4,HDR10,3840x2160,6000,8.926785258446530,24_Reading_Stairs,Open-source
24_Reading_Stairs_HDR10_960x540_1500k.mp4,HDR10,960x540,1500,6.64569925373993,24_Reading_Stairs,Open-source
24_Reading_Stairs_HDR10_960x540_800k.mp4,HDR10,960x540,800,5.39419438910482,24_Reading_Stairs,Open-source
24_Reading_Stairs_SDR_1280x720_2000k.mp4,SDR,1280x720,2000,8.08417178865161,24_Reading_Stairs,Open-source
24_Reading_Stairs_SDR_1280x720_4000k.mp4,SDR,1280x720,4000,8.41285025482878,24_Reading_Stairs,Open-source
24_Reading_Stairs_SDR_1920x1080_3000k.mp4,SDR,1920x1080,3000,8.30350653179431,24_Reading_Stairs,Open-source
24_Reading_Stairs_SDR_2560x1440_10000k.mp4,SDR,2560x1440,10000,9.73539925284646,24_Reading_Stairs,Open-source
24_Reading_Stairs_SDR_3840x2160_15000k.mp4,SDR,3840x2160,15000,10.37821281729050,24_Reading_Stairs,Open-source
24_Reading_Stairs_SDR_3840x2160_50000k.mp4,SDR,3840x2160,50000,10.0,24_Reading_Stairs,Open-source
24_Reading_Stairs_SDR_3840x2160_6000k.mp4,SDR,3840x2160,6000,9.619612951956250,24_Reading_Stairs,Open-source
24_Reading_Stairs_SDR_960x540_1500k.mp4,SDR,960x540,1500,7.7993426088739200,24_Reading_Stairs,Open-source
24_Reading_Stairs_SDR_960x540_800k.mp4,SDR,960x540,800,6.60309929524884,24_Reading_Stairs,Open-source
25_River_HDR10_1280x720_2000k.mp4,HDR10,1280x720,2000,6.83325435074792,25_River,Open-source
25_River_HDR10_1280x720_4000k.mp4,HDR10,1280x720,4000,7.81953194758351,25_River,Open-source
25_River_HDR10_1920x1080_3000k.mp4,HDR10,1920x1080,3000,8.15643425000522,25_River,Open-source
25_River_HDR10_2560x1440_10000k.mp4,HDR10,2560x1440,10000,9.364942742089140,25_River,Open-source
25_River_HDR10_3840x2160_15000k.mp4,HDR10,3840x2160,15000,9.3882568096914,25_River,Open-source
25_River_HDR10_3840x2160_50000k.mp4,HDR10,3840x2160,50000,10.0,25_River,Open-source
25_River_HDR10_3840x2160_6000k.mp4,HDR10,3840x2160,6000,8.640213522453890,25_River,Open-source
25_River_HDR10_960x540_1500k.mp4,HDR10,960x540,1500,5.99662377470767,25_River,Open-source
25_River_HDR10_960x540_800k.mp4,HDR10,960x540,800,4.8059130194453500,25_River,Open-source
25_River_SDR_1280x720_2000k.mp4,SDR,1280x720,2000,7.288404014231520,25_River,Open-source
25_River_SDR_1280x720_4000k.mp4,SDR,1280x720,4000,8.22796136771679,25_River,Open-source
25_River_SDR_1920x1080_3000k.mp4,SDR,1920x1080,3000,7.486293516903950,25_River,Open-source
25_River_SDR_2560x1440_10000k.mp4,SDR,2560x1440,10000,9.477388164510780,25_River,Open-source
25_River_SDR_3840x2160_15000k.mp4,SDR,3840x2160,15000,9.164691206581330,25_River,Open-source
25_River_SDR_3840x2160_50000k.mp4,SDR,3840x2160,50000,10.0,25_River,Open-source
25_River_SDR_3840x2160_6000k.mp4,SDR,3840x2160,6000,9.032764439765670,25_River,Open-source
25_River_SDR_960x540_1500k.mp4,SDR,960x540,1500,6.591379004896310,25_River,Open-source
25_River_SDR_960x540_800k.mp4,SDR,960x540,800,5.53270861535724,25_River,Open-source
26_Sitting_HDR10_1280x720_2000k.mp4,HDR10,1280x720,2000,8.98335733267103,26_Sitting,Open-source
26_Sitting_HDR10_1280x720_4000k.mp4,HDR10,1280x720,4000,9.16078792654104,26_Sitting,Open-source
26_Sitting_HDR10_1920x1080_3000k.mp4,HDR10,1920x1080,3000,9.97609807392642,26_Sitting,Open-source
26_Sitting_HDR10_2560x1440_10000k.mp4,HDR10,2560x1440,10000,11.070920264069500,26_Sitting,Open-source
26_Sitting_HDR10_3840x2160_15000k.mp4,HDR10,3840x2160,15000,10.285886389301300,26_Sitting,Open-source
26_Sitting_HDR10_3840x2160_50000k.mp4,HDR10,3840x2160,50000,10.0,26_Sitting,Open-source
26_Sitting_HDR10_3840x2160_6000k.mp4,HDR10,3840x2160,6000,9.73238789107579,26_Sitting,Open-source
26_Sitting_HDR10_960x540_1500k.mp4,HDR10,960x540,1500,7.968618777671140,26_Sitting,Open-source
26_Sitting_HDR10_960x540_800k.mp4,HDR10,960x540,800,7.5473735616995100,26_Sitting,Open-source
26_Sitting_SDR_1280x720_2000k.mp4,SDR,1280x720,2000,8.708138369913100,26_Sitting,Open-source
26_Sitting_SDR_1280x720_4000k.mp4,SDR,1280x720,4000,8.80418289903074,26_Sitting,Open-source
26_Sitting_SDR_1920x1080_3000k.mp4,SDR,1920x1080,3000,9.60340690095899,26_Sitting,Open-source
26_Sitting_SDR_2560x1440_10000k.mp4,SDR,2560x1440,10000,9.64260033962796,26_Sitting,Open-source
26_Sitting_SDR_3840x2160_15000k.mp4,SDR,3840x2160,15000,10.31599062859410,26_Sitting,Open-source
26_Sitting_SDR_3840x2160_50000k.mp4,SDR,3840x2160,50000,10.0,26_Sitting,Open-source
26_Sitting_SDR_3840x2160_6000k.mp4,SDR,3840x2160,6000,9.95517178824004,26_Sitting,Open-source
26_Sitting_SDR_960x540_1500k.mp4,SDR,960x540,1500,7.56441298567285,26_Sitting,Open-source
26_Sitting_SDR_960x540_800k.mp4,SDR,960x540,800,7.2488239283000700,26_Sitting,Open-source
27_Skateboarding_HDR10_1280x720_2000k.mp4,HDR10,1280x720,2000,6.59964499912331,27_Skateboarding,Open-source
27_Skateboarding_HDR10_1280x720_4000k.mp4,HDR10,1280x720,4000,7.57428221764625,27_Skateboarding,Open-source
27_Skateboarding_HDR10_1920x1080_3000k.mp4,HDR10,1920x1080,3000,7.81733430873868,27_Skateboarding,Open-source
27_Skateboarding_HDR10_2560x1440_10000k.mp4,HDR10,2560x1440,10000,8.87236603803462,27_Skateboarding,Open-source
27_Skateboarding_HDR10_3840x2160_15000k.mp4,HDR10,3840x2160,15000,9.37185977586591,27_Skateboarding,Open-source
27_Skateboarding_HDR10_3840x2160_50000k.mp4,HDR10,3840x2160,50000,10.0,27_Skateboarding,Open-source
27_Skateboarding_HDR10_3840x2160_6000k.mp4,HDR10,3840x2160,6000,8.7445624206089,27_Skateboarding,Open-source
27_Skateboarding_HDR10_960x540_1500k.mp4,HDR10,960x540,1500,5.633535905700240,27_Skateboarding,Open-source
27_Skateboarding_HDR10_960x540_800k.mp4,HDR10,960x540,800,4.5095658949129,27_Skateboarding,Open-source
27_Skateboarding_SDR_1280x720_2000k.mp4,SDR,1280x720,2000,6.6233883228994900,27_Skateboarding,Open-source
27_Skateboarding_SDR_1280x720_4000k.mp4,SDR,1280x720,4000,8.56701445261011,27_Skateboarding,Open-source
27_Skateboarding_SDR_1920x1080_3000k.mp4,SDR,1920x1080,3000,7.30167616320516,27_Skateboarding,Open-source
27_Skateboarding_SDR_2560x1440_10000k.mp4,SDR,2560x1440,10000,9.098599810134,27_Skateboarding,Open-source
27_Skateboarding_SDR_3840x2160_15000k.mp4,SDR,3840x2160,15000,9.36164521637441,27_Skateboarding,Open-source
27_Skateboarding_SDR_3840x2160_50000k.mp4,SDR,3840x2160,50000,10.0,27_Skateboarding,Open-source
27_Skateboarding_SDR_3840x2160_6000k.mp4,SDR,3840x2160,6000,8.864410696924780,27_Skateboarding,Open-source
27_Skateboarding_SDR_960x540_1500k.mp4,SDR,960x540,1500,6.16929239265958,27_Skateboarding,Open-source
27_Skateboarding_SDR_960x540_800k.mp4,SDR,960x540,800,4.888573013613320,27_Skateboarding,Open-source
28_Swan_HDR10_1280x720_2000k.mp4,HDR10,1280x720,2000,6.3357333707125200,28_Swan,Open-source
28_Swan_HDR10_1280x720_4000k.mp4,HDR10,1280x720,4000,7.5871594943279,28_Swan,Open-source
28_Swan_HDR10_1920x1080_3000k.mp4,HDR10,1920x1080,3000,6.837430861578670,28_Swan,Open-source
28_Swan_HDR10_2560x1440_10000k.mp4,HDR10,2560x1440,10000,9.18094330531082,28_Swan,Open-source
28_Swan_HDR10_3840x2160_15000k.mp4,HDR10,3840x2160,15000,9.95622976704065,28_Swan,Open-source
28_Swan_HDR10_3840x2160_50000k.mp4,HDR10,3840x2160,50000,10.0,28_Swan,Open-source
28_Swan_HDR10_3840x2160_6000k.mp4,HDR10,3840x2160,6000,8.09822301342357,28_Swan,Open-source
28_Swan_HDR10_960x540_1500k.mp4,HDR10,960x540,1500,5.461516252074090,28_Swan,Open-source
28_Swan_HDR10_960x540_800k.mp4,HDR10,960x540,800,4.0661033506448,28_Swan,Open-source
28_Swan_SDR_1280x720_2000k.mp4,SDR,1280x720,2000,6.47465659686075,28_Swan,Open-source
28_Swan_SDR_1280x720_4000k.mp4,SDR,1280x720,4000,7.77106574803698,28_Swan,Open-source
28_Swan_SDR_1920x1080_3000k.mp4,SDR,1920x1080,3000,7.46477854764949,28_Swan,Open-source
28_Swan_SDR_2560x1440_10000k.mp4,SDR,2560x1440,10000,9.171899016887520,28_Swan,Open-source
28_Swan_SDR_3840x2160_15000k.mp4,SDR,3840x2160,15000,9.76785195081674,28_Swan,Open-source
28_Swan_SDR_3840x2160_50000k.mp4,SDR,3840x2160,50000,10.0,28_Swan,Open-source
28_Swan_SDR_3840x2160_6000k.mp4,SDR,3840x2160,6000,8.49313158324539,28_Swan,Open-source
28_Swan_SDR_960x540_1500k.mp4,SDR,960x540,1500,5.0301746075567500,28_Swan,Open-source
28_Swan_SDR_960x540_800k.mp4,SDR,960x540,800,4.73825373307825,28_Swan,Open-source
29_Walking_Forest_HDR10_1280x720_2000k.mp4,HDR10,1280x720,2000,7.56749695345685,29_Walking_Forest,Open-source
29_Walking_Forest_HDR10_1280x720_4000k.mp4,HDR10,1280x720,4000,8.05380456178371,29_Walking_Forest,Open-source
29_Walking_Forest_HDR10_1920x1080_3000k.mp4,HDR10,1920x1080,3000,7.48681214881336,29_Walking_Forest,Open-source
29_Walking_Forest_HDR10_2560x1440_10000k.mp4,HDR10,2560x1440,10000,9.197439214303190,29_Walking_Forest,Open-source
29_Walking_Forest_HDR10_3840x2160_15000k.mp4,HDR10,3840x2160,15000,9.890332643011830,29_Walking_Forest,Open-source
29_Walking_Forest_HDR10_3840x2160_50000k.mp4,HDR10,3840x2160,50000,10.0,29_Walking_Forest,Open-source
29_Walking_Forest_HDR10_3840x2160_6000k.mp4,HDR10,3840x2160,6000,8.71890948678898,29_Walking_Forest,Open-source
29_Walking_Forest_HDR10_960x540_1500k.mp4,HDR10,960x540,1500,7.30560330139393,29_Walking_Forest,Open-source
29_Walking_Forest_HDR10_960x540_800k.mp4,HDR10,960x540,800,5.826593012180470,29_Walking_Forest,Open-source
29_Walking_Forest_SDR_1280x720_2000k.mp4,SDR,1280x720,2000,7.92686620601932,29_Walking_Forest,Open-source
29_Walking_Forest_SDR_1280x720_4000k.mp4,SDR,1280x720,4000,8.5292765890968,29_Walking_Forest,Open-source
29_Walking_Forest_SDR_1920x1080_3000k.mp4,SDR,1920x1080,3000,8.5707310090985,29_Walking_Forest,Open-source
29_Walking_Forest_SDR_2560x1440_10000k.mp4,SDR,2560x1440,10000,9.47645038707194,29_Walking_Forest,Open-source
29_Walking_Forest_SDR_3840x2160_15000k.mp4,SDR,3840x2160,15000,9.9690260720153,29_Walking_Forest,Open-source
29_Walking_Forest_SDR_3840x2160_50000k.mp4,SDR,3840x2160,50000,10.0,29_Walking_Forest,Open-source
29_Walking_Forest_SDR_3840x2160_6000k.mp4,SDR,3840x2160,6000,9.62449164961777,29_Walking_Forest,Open-source
29_Walking_Forest_SDR_960x540_1500k.mp4,SDR,960x540,1500,7.44162558559961,29_Walking_Forest,Open-source
29_Walking_Forest_SDR_960x540_800k.mp4,SDR,960x540,800,6.48251938598203,29_Walking_Forest,Open-source
3_Cafe_HDR10_1280x720_2000k.mp4,HDR10,1280x720,2000,8.87118770302062,3_Cafe,Open-source
3_Cafe_HDR10_1280x720_4000k.mp4,HDR10,1280x720,4000,9.35941308309064,3_Cafe,Open-source
3_Cafe_HDR10_1920x1080_3000k.mp4,HDR10,1920x1080,3000,9.479630344472290,3_Cafe,Open-source
3_Cafe_HDR10_2560x1440_10000k.mp4,HDR10,2560x1440,10000,9.86112649905958,3_Cafe,Open-source
3_Cafe_HDR10_3840x2160_15000k.mp4,HDR10,3840x2160,15000,10.29939565557390,3_Cafe,Open-source
3_Cafe_HDR10_3840x2160_50000k.mp4,HDR10,3840x2160,50000,10.0,3_Cafe,Open-source
3_Cafe_HDR10_3840x2160_6000k.mp4,HDR10,3840x2160,6000,9.80823236548089,3_Cafe,Open-source
3_Cafe_HDR10_960x540_1500k.mp4,HDR10,960x540,1500,8.22418251703653,3_Cafe,Open-source
3_Cafe_HDR10_960x540_800k.mp4,HDR10,960x540,800,6.81429182921356,3_Cafe,Open-source
3_Cafe_SDR_1280x720_2000k.mp4,SDR,1280x720,2000,8.95400990434862,3_Cafe,Open-source
3_Cafe_SDR_1280x720_4000k.mp4,SDR,1280x720,4000,9.26567743489082,3_Cafe,Open-source
3_Cafe_SDR_1920x1080_3000k.mp4,SDR,1920x1080,3000,9.66295930772006,3_Cafe,Open-source
3_Cafe_SDR_2560x1440_10000k.mp4,SDR,2560x1440,10000,9.6673170797837,3_Cafe,Open-source
3_Cafe_SDR_3840x2160_15000k.mp4,SDR,3840x2160,15000,10.11320849453750,3_Cafe,Open-source
3_Cafe_SDR_3840x2160_50000k.mp4,SDR,3840x2160,50000,10.0,3_Cafe,Open-source
3_Cafe_SDR_3840x2160_6000k.mp4,SDR,3840x2160,6000,9.46499500258799,3_Cafe,Open-source
3_Cafe_SDR_960x540_1500k.mp4,SDR,960x540,1500,8.03633933109547,3_Cafe,Open-source
3_Cafe_SDR_960x540_800k.mp4,SDR,960x540,800,7.27935193355117,3_Cafe,Open-source
30_Yoga_HDR10_1280x720_2000k.mp4,HDR10,1280x720,2000,7.8910679559886100,30_Yoga,Open-source
30_Yoga_HDR10_1280x720_4000k.mp4,HDR10,1280x720,4000,8.45707791389188,30_Yoga,Open-source
30_Yoga_HDR10_1920x1080_3000k.mp4,HDR10,1920x1080,3000,8.82929540173188,30_Yoga,Open-source
30_Yoga_HDR10_2560x1440_10000k.mp4,HDR10,2560x1440,10000,8.823580401249310,30_Yoga,Open-source
30_Yoga_HDR10_3840x2160_15000k.mp4,HDR10,3840x2160,15000,9.56072767089193,30_Yoga,Open-source
30_Yoga_HDR10_3840x2160_50000k.mp4,HDR10,3840x2160,50000,10.0,30_Yoga,Open-source
30_Yoga_HDR10_3840x2160_6000k.mp4,HDR10,3840x2160,6000,9.524659169190090,30_Yoga,Open-source
30_Yoga_HDR10_960x540_1500k.mp4,HDR10,960x540,1500,6.9097116234386,30_Yoga,Open-source
30_Yoga_HDR10_960x540_800k.mp4,HDR10,960x540,800,5.95441152628049,30_Yoga,Open-source
30_Yoga_SDR_1280x720_2000k.mp4,SDR,1280x720,2000,8.58219273220353,30_Yoga,Open-source
30_Yoga_SDR_1280x720_4000k.mp4,SDR,1280x720,4000,9.47788563003652,30_Yoga,Open-source
30_Yoga_SDR_1920x1080_3000k.mp4,SDR,1920x1080,3000,9.19638396200712,30_Yoga,Open-source
30_Yoga_SDR_2560x1440_10000k.mp4,SDR,2560x1440,10000,10.193777710509400,30_Yoga,Open-source
30_Yoga_SDR_3840x2160_15000k.mp4,SDR,3840x2160,15000,9.94307769721837,30_Yoga,Open-source
30_Yoga_SDR_3840x2160_50000k.mp4,SDR,3840x2160,50000,10.0,30_Yoga,Open-source
30_Yoga_SDR_3840x2160_6000k.mp4,SDR,3840x2160,6000,9.69001355193881,30_Yoga,Open-source
30_Yoga_SDR_960x540_1500k.mp4,SDR,960x540,1500,7.65876187159343,30_Yoga,Open-source
30_Yoga_SDR_960x540_800k.mp4,SDR,960x540,800,6.52768697884033,30_Yoga,Open-source
3500151905-2298_7_HDR10_1280x720_2000k.mp4,HDR10,1280x720,2000,7.6782574830713900,3500151905-2298_7,VoD
3500151905-2298_7_HDR10_1280x720_4000k.mp4,HDR10,1280x720,4000,8.21112022269547,3500151905-2298_7,VoD
3500151905-2298_7_HDR10_1920x1080_3000k.mp4,HDR10,1920x1080,3000,8.3936765463788,3500151905-2298_7,VoD
3500151905-2298_7_HDR10_2560x1440_10000k.mp4,HDR10,2560x1440,10000,9.51866497146219,3500151905-2298_7,VoD
3500151905-2298_7_HDR10_3840x2160_15000k.mp4,HDR10,3840x2160,15000,9.863663169866340,3500151905-2298_7,VoD
3500151905-2298_7_HDR10_3840x2160_50000k.mp4,HDR10,3840x2160,50000,10.0,3500151905-2298_7,VoD
3500151905-2298_7_HDR10_3840x2160_6000k.mp4,HDR10,3840x2160,6000,9.54928576794854,3500151905-2298_7,VoD
3500151905-2298_7_HDR10_960x540_1500k.mp4,HDR10,960x540,1500,6.72260111559417,3500151905-2298_7,VoD
3500151905-2298_7_HDR10_960x540_800k.mp4,HDR10,960x540,800,5.47061708161254,3500151905-2298_7,VoD
3500151905-2298_7_SDR_1280x720_2000k.mp4,SDR,1280x720,2000,7.9602671662471800,3500151905-2298_7,VoD
3500151905-2298_7_SDR_1280x720_4000k.mp4,SDR,1280x720,4000,8.35115526242372,3500151905-2298_7,VoD
3500151905-2298_7_SDR_1920x1080_3000k.mp4,SDR,1920x1080,3000,8.7926440827224,3500151905-2298_7,VoD
3500151905-2298_7_SDR_2560x1440_10000k.mp4,SDR,2560x1440,10000,9.84453628865722,3500151905-2298_7,VoD
3500151905-2298_7_SDR_3840x2160_15000k.mp4,SDR,3840x2160,15000,9.88591374076928,3500151905-2298_7,VoD
3500151905-2298_7_SDR_3840x2160_50000k.mp4,SDR,3840x2160,50000,10.0,3500151905-2298_7,VoD
3500151905-2298_7_SDR_3840x2160_6000k.mp4,SDR,3840x2160,6000,9.38513212951218,3500151905-2298_7,VoD
3500151905-2298_7_SDR_960x540_1500k.mp4,SDR,960x540,1500,7.2044440974323200,3500151905-2298_7,VoD
3500151905-2298_7_SDR_960x540_800k.mp4,SDR,960x540,800,5.80588468914864,3500151905-2298_7,VoD
4_Campfire_HDR10_1280x720_2000k.mp4,HDR10,1280x720,2000,7.029698254812060,4_Campfire,Open-source
4_Campfire_HDR10_1280x720_4000k.mp4,HDR10,1280x720,4000,8.043723162583510,4_Campfire,Open-source
4_Campfire_HDR10_1920x1080_3000k.mp4,HDR10,1920x1080,3000,7.453974839354390,4_Campfire,Open-source
4_Campfire_HDR10_2560x1440_10000k.mp4,HDR10,2560x1440,10000,9.59858506877386,4_Campfire,Open-source
4_Campfire_HDR10_3840x2160_15000k.mp4,HDR10,3840x2160,15000,9.587623639883000,4_Campfire,Open-source
4_Campfire_HDR10_3840x2160_50000k.mp4,HDR10,3840x2160,50000,10.0,4_Campfire,Open-source
4_Campfire_HDR10_3840x2160_6000k.mp4,HDR10,3840x2160,6000,7.818508932926270,4_Campfire,Open-source
4_Campfire_HDR10_960x540_1500k.mp4,HDR10,960x540,1500,6.9780034751011600,4_Campfire,Open-source
4_Campfire_HDR10_960x540_800k.mp4,HDR10,960x540,800,4.92792870896243,4_Campfire,Open-source
4_Campfire_SDR_1280x720_2000k.mp4,SDR,1280x720,2000,7.696659431769960,4_Campfire,Open-source
4_Campfire_SDR_1280x720_4000k.mp4,SDR,1280x720,4000,8.986494107423580,4_Campfire,Open-source
4_Campfire_SDR_1920x1080_3000k.mp4,SDR,1920x1080,3000,7.978389871513570,4_Campfire,Open-source
4_Campfire_SDR_2560x1440_10000k.mp4,SDR,2560x1440,10000,10.12393039034210,4_Campfire,Open-source
4_Campfire_SDR_3840x2160_15000k.mp4,SDR,3840x2160,15000,9.79034950146163,4_Campfire,Open-source
4_Campfire_SDR_3840x2160_50000k.mp4,SDR,3840x2160,50000,10.0,4_Campfire,Open-source
4_Campfire_SDR_3840x2160_6000k.mp4,SDR,3840x2160,6000,8.39085487902228,4_Campfire,Open-source
4_Campfire_SDR_960x540_1500k.mp4,SDR,960x540,1500,6.911507236165970,4_Campfire,Open-source
4_Campfire_SDR_960x540_800k.mp4,SDR,960x540,800,6.468127259185260,4_Campfire,Open-source
5_Conversation_Bed_HDR10_1280x720_2000k.mp4,HDR10,1280x720,2000,8.7578289685215,5_Conversation_Bed,Open-source
5_Conversation_Bed_HDR10_1280x720_4000k.mp4,HDR10,1280x720,4000,9.42911127730662,5_Conversation_Bed,Open-source
5_Conversation_Bed_HDR10_1920x1080_3000k.mp4,HDR10,1920x1080,3000,9.05002277122147,5_Conversation_Bed,Open-source
5_Conversation_Bed_HDR10_2560x1440_10000k.mp4,HDR10,2560x1440,10000,10.253945443302100,5_Conversation_Bed,Open-source
5_Conversation_Bed_HDR10_3840x2160_15000k.mp4,HDR10,3840x2160,15000,10.097703846940900,5_Conversation_Bed,Open-source
5_Conversation_Bed_HDR10_3840x2160_50000k.mp4,HDR10,3840x2160,50000,10.0,5_Conversation_Bed,Open-source
5_Conversation_Bed_HDR10_3840x2160_6000k.mp4,HDR10,3840x2160,6000,9.72832334345077,5_Conversation_Bed,Open-source
5_Conversation_Bed_HDR10_960x540_1500k.mp4,HDR10,960x540,1500,7.88226569064278,5_Conversation_Bed,Open-source
5_Conversation_Bed_HDR10_960x540_800k.mp4,HDR10,960x540,800,7.447287201119720,5_Conversation_Bed,Open-source
5_Conversation_Bed_SDR_1280x720_2000k.mp4,SDR,1280x720,2000,8.36926247319982,5_Conversation_Bed,Open-source
5_Conversation_Bed_SDR_1280x720_4000k.mp4,SDR,1280x720,4000,8.63607239612146,5_Conversation_Bed,Open-source
5_Conversation_Bed_SDR_1920x1080_3000k.mp4,SDR,1920x1080,3000,9.23788182806453,5_Conversation_Bed,Open-source
5_Conversation_Bed_SDR_2560x1440_10000k.mp4,SDR,2560x1440,10000,9.53244812217214,5_Conversation_Bed,Open-source
5_Conversation_Bed_SDR_3840x2160_15000k.mp4,SDR,3840x2160,15000,9.87941873884293,5_Conversation_Bed,Open-source
5_Conversation_Bed_SDR_3840x2160_50000k.mp4,SDR,3840x2160,50000,10.0,5_Conversation_Bed,Open-source
5_Conversation_Bed_SDR_3840x2160_6000k.mp4,SDR,3840x2160,6000,9.48515460575919,5_Conversation_Bed,Open-source
5_Conversation_Bed_SDR_960x540_1500k.mp4,SDR,960x540,1500,7.705173422914670,5_Conversation_Bed,Open-source
5_Conversation_Bed_SDR_960x540_800k.mp4,SDR,960x540,800,7.335810817348720,5_Conversation_Bed,Open-source
6_Conversation_Standing_HDR10_1280x720_2000k.mp4,HDR10,1280x720,2000,8.427690799707880,6_Conversation_Standing,Open-source
6_Conversation_Standing_HDR10_1280x720_4000k.mp4,HDR10,1280x720,4000,8.75720646987315,6_Conversation_Standing,Open-source
6_Conversation_Standing_HDR10_1920x1080_3000k.mp4,HDR10,1920x1080,3000,9.68836624090044,6_Conversation_Standing,Open-source
6_Conversation_Standing_HDR10_2560x1440_10000k.mp4,HDR10,2560x1440,10000,9.836838849751570,6_Conversation_Standing,Open-source
6_Conversation_Standing_HDR10_3840x2160_15000k.mp4,HDR10,3840x2160,15000,9.97039418895089,6_Conversation_Standing,Open-source
6_Conversation_Standing_HDR10_3840x2160_50000k.mp4,HDR10,3840x2160,50000,10.0,6_Conversation_Standing,Open-source
6_Conversation_Standing_HDR10_3840x2160_6000k.mp4,HDR10,3840x2160,6000,9.54684808513883,6_Conversation_Standing,Open-source
6_Conversation_Standing_HDR10_960x540_1500k.mp4,HDR10,960x540,1500,7.737124856109740,6_Conversation_Standing,Open-source
6_Conversation_Standing_HDR10_960x540_800k.mp4,HDR10,960x540,800,7.032755091906180,6_Conversation_Standing,Open-source
6_Conversation_Standing_SDR_1280x720_2000k.mp4,SDR,1280x720,2000,8.47698058780934,6_Conversation_Standing,Open-source
6_Conversation_Standing_SDR_1280x720_4000k.mp4,SDR,1280x720,4000,8.56661731084351,6_Conversation_Standing,Open-source
6_Conversation_Standing_SDR_1920x1080_3000k.mp4,SDR,1920x1080,3000,9.19016980332599,6_Conversation_Standing,Open-source
6_Conversation_Standing_SDR_2560x1440_10000k.mp4,SDR,2560x1440,10000,9.63625437536202,6_Conversation_Standing,Open-source
6_Conversation_Standing_SDR_3840x2160_15000k.mp4,SDR,3840x2160,15000,10.01209256320960,6_Conversation_Standing,Open-source
6_Conversation_Standing_SDR_3840x2160_50000k.mp4,SDR,3840x2160,50000,10.0,6_Conversation_Standing,Open-source
6_Conversation_Standing_SDR_3840x2160_6000k.mp4,SDR,3840x2160,6000,9.71115680559622,6_Conversation_Standing,Open-source
6_Conversation_Standing_SDR_960x540_1500k.mp4,SDR,960x540,1500,7.6336335233773300,6_Conversation_Standing,Open-source
6_Conversation_Standing_SDR_960x540_800k.mp4,SDR,960x540,800,6.79188720767873,6_Conversation_Standing,Open-source
7_Dancing_HDR10_1280x720_2000k.mp4,HDR10,1280x720,2000,8.08347771037161,7_Dancing,Open-source
7_Dancing_HDR10_1280x720_4000k.mp4,HDR10,1280x720,4000,8.95013554743757,7_Dancing,Open-source
7_Dancing_HDR10_1920x1080_3000k.mp4,HDR10,1920x1080,3000,8.53432151644662,7_Dancing,Open-source
7_Dancing_HDR10_2560x1440_10000k.mp4,HDR10,2560x1440,10000,9.46132845760873,7_Dancing,Open-source
7_Dancing_HDR10_3840x2160_15000k.mp4,HDR10,3840x2160,15000,9.68589646415153,7_Dancing,Open-source
7_Dancing_HDR10_3840x2160_50000k.mp4,HDR10,3840x2160,50000,10.0,7_Dancing,Open-source
7_Dancing_HDR10_3840x2160_6000k.mp4,HDR10,3840x2160,6000,9.31689907550706,7_Dancing,Open-source
7_Dancing_HDR10_960x540_1500k.mp4,HDR10,960x540,1500,7.83277740520651,7_Dancing,Open-source
7_Dancing_HDR10_960x540_800k.mp4,HDR10,960x540,800,6.88725416756015,7_Dancing,Open-source
7_Dancing_SDR_1280x720_2000k.mp4,SDR,1280x720,2000,9.01658932412178,7_Dancing,Open-source
7_Dancing_SDR_1280x720_4000k.mp4,SDR,1280x720,4000,9.17298936160309,7_Dancing,Open-source
7_Dancing_SDR_1920x1080_3000k.mp4,SDR,1920x1080,3000,9.58733166581236,7_Dancing,Open-source
7_Dancing_SDR_2560x1440_10000k.mp4,SDR,2560x1440,10000,10.01171106328440,7_Dancing,Open-source
7_Dancing_SDR_3840x2160_15000k.mp4,SDR,3840x2160,15000,10.26812872893660,7_Dancing,Open-source
7_Dancing_SDR_3840x2160_50000k.mp4,SDR,3840x2160,50000,10.0,7_Dancing,Open-source
7_Dancing_SDR_3840x2160_6000k.mp4,SDR,3840x2160,6000,9.93324538169198,7_Dancing,Open-source
7_Dancing_SDR_960x540_1500k.mp4,SDR,960x540,1500,8.16269791841411,7_Dancing,Open-source
7_Dancing_SDR_960x540_800k.mp4,SDR,960x540,800,7.93214403814318,7_Dancing,Open-source
8_Drawing_HDR10_1280x720_2000k.mp4,HDR10,1280x720,2000,8.92196970887878,8_Drawing,Open-source
8_Drawing_HDR10_1280x720_4000k.mp4,HDR10,1280x720,4000,9.02024098529388,8_Drawing,Open-source
8_Drawing_HDR10_1920x1080_3000k.mp4,HDR10,1920x1080,3000,9.42009112796198,8_Drawing,Open-source
8_Drawing_HDR10_2560x1440_10000k.mp4,HDR10,2560x1440,10000,9.886645369244520,8_Drawing,Open-source
8_Drawing_HDR10_3840x2160_15000k.mp4,HDR10,3840x2160,15000,9.99116947341599,8_Drawing,Open-source
8_Drawing_HDR10_3840x2160_50000k.mp4,HDR10,3840x2160,50000,10.0,8_Drawing,Open-source
8_Drawing_HDR10_3840x2160_6000k.mp4,HDR10,3840x2160,6000,9.851824762885060,8_Drawing,Open-source
8_Drawing_HDR10_960x540_1500k.mp4,HDR10,960x540,1500,8.23050338331362,8_Drawing,Open-source
8_Drawing_HDR10_960x540_800k.mp4,HDR10,960x540,800,7.93426870230217,8_Drawing,Open-source
8_Drawing_SDR_1280x720_2000k.mp4,SDR,1280x720,2000,9.33885133892858,8_Drawing,Open-source
8_Drawing_SDR_1280x720_4000k.mp4,SDR,1280x720,4000,9.49177199372441,8_Drawing,Open-source
8_Drawing_SDR_1920x1080_3000k.mp4,SDR,1920x1080,3000,9.99232509335261,8_Drawing,Open-source
8_Drawing_SDR_2560x1440_10000k.mp4,SDR,2560x1440,10000,9.78692327431828,8_Drawing,Open-source
8_Drawing_SDR_3840x2160_15000k.mp4,SDR,3840x2160,15000,10.06293190484020,8_Drawing,Open-source
8_Drawing_SDR_3840x2160_50000k.mp4,SDR,3840x2160,50000,10.0,8_Drawing,Open-source
8_Drawing_SDR_3840x2160_6000k.mp4,SDR,3840x2160,6000,9.90508183724111,8_Drawing,Open-source
8_Drawing_SDR_960x540_1500k.mp4,SDR,960x540,1500,8.61626211023603,8_Drawing,Open-source
8_Drawing_SDR_960x540_800k.mp4,SDR,960x540,800,8.431025510125770,8_Drawing,Open-source
9_Face_Close_HDR10_1280x720_2000k.mp4,HDR10,1280x720,2000,9.06527459136651,9_Face_Close,Open-source
9_Face_Close_HDR10_1280x720_4000k.mp4,HDR10,1280x720,4000,9.45128473218225,9_Face_Close,Open-source
9_Face_Close_HDR10_1920x1080_3000k.mp4,HDR10,1920x1080,3000,9.57134198843255,9_Face_Close,Open-source
9_Face_Close_HDR10_2560x1440_10000k.mp4,HDR10,2560x1440,10000,9.686879469735930,9_Face_Close,Open-source
9_Face_Close_HDR10_3840x2160_15000k.mp4,HDR10,3840x2160,15000,9.93040640475513,9_Face_Close,Open-source
9_Face_Close_HDR10_3840x2160_50000k.mp4,HDR10,3840x2160,50000,10.0,9_Face_Close,Open-source
9_Face_Close_HDR10_3840x2160_6000k.mp4,HDR10,3840x2160,6000,9.78738043171956,9_Face_Close,Open-source
9_Face_Close_HDR10_960x540_1500k.mp4,HDR10,960x540,1500,8.84757208226946,9_Face_Close,Open-source
9_Face_Close_HDR10_960x540_800k.mp4,HDR10,960x540,800,8.43037290000118,9_Face_Close,Open-source
9_Face_Close_SDR_1280x720_2000k.mp4,SDR,1280x720,2000,9.03297359545158,9_Face_Close,Open-source
9_Face_Close_SDR_1280x720_4000k.mp4,SDR,1280x720,4000,9.50112896464804,9_Face_Close,Open-source
9_Face_Close_SDR_1920x1080_3000k.mp4,SDR,1920x1080,3000,9.36845341501901,9_Face_Close,Open-source
9_Face_Close_SDR_2560x1440_10000k.mp4,SDR,2560x1440,10000,9.74358889888745,9_Face_Close,Open-source
9_Face_Close_SDR_3840x2160_15000k.mp4,SDR,3840x2160,15000,9.680275021332540,9_Face_Close,Open-source
9_Face_Close_SDR_3840x2160_50000k.mp4,SDR,3840x2160,50000,10.0,9_Face_Close,Open-source
9_Face_Close_SDR_3840x2160_6000k.mp4,SDR,3840x2160,6000,9.65316599698355,9_Face_Close,Open-source
9_Face_Close_SDR_960x540_1500k.mp4,SDR,960x540,1500,9.05597354972701,9_Face_Close,Open-source
9_Face_Close_SDR_960x540_800k.mp4,SDR,960x540,800,8.27783706288091,9_Face_Close,Open-source
AIPT_101_STM-1700_7_HDR10_1280x720_2000k.mp4,HDR10,1280x720,2000,8.788816462728570,AIPT_101_STM-1700_7,VoD
AIPT_101_STM-1700_7_HDR10_1280x720_4000k.mp4,HDR10,1280x720,4000,8.93281964866296,AIPT_101_STM-1700_7,VoD
AIPT_101_STM-1700_7_HDR10_1920x1080_3000k.mp4,HDR10,1920x1080,3000,9.26968847677291,AIPT_101_STM-1700_7,VoD
AIPT_101_STM-1700_7_HDR10_2560x1440_10000k.mp4,HDR10,2560x1440,10000,9.58084902302164,AIPT_101_STM-1700_7,VoD
AIPT_101_STM-1700_7_HDR10_3840x2160_15000k.mp4,HDR10,3840x2160,15000,10.15098764693560,AIPT_101_STM-1700_7,VoD
AIPT_101_STM-1700_7_HDR10_3840x2160_50000k.mp4,HDR10,3840x2160,50000,10.0,AIPT_101_STM-1700_7,VoD
AIPT_101_STM-1700_7_HDR10_3840x2160_6000k.mp4,HDR10,3840x2160,6000,9.7710690465148,AIPT_101_STM-1700_7,VoD
AIPT_101_STM-1700_7_HDR10_960x540_1500k.mp4,HDR10,960x540,1500,8.12446888377158,AIPT_101_STM-1700_7,VoD
AIPT_101_STM-1700_7_HDR10_960x540_800k.mp4,HDR10,960x540,800,7.6504545175434,AIPT_101_STM-1700_7,VoD
AIPT_101_STM-1700_7_SDR_1280x720_2000k.mp4,SDR,1280x720,2000,8.439334074513030,AIPT_101_STM-1700_7,VoD
AIPT_101_STM-1700_7_SDR_1280x720_4000k.mp4,SDR,1280x720,4000,8.83605211816022,AIPT_101_STM-1700_7,VoD
AIPT_101_STM-1700_7_SDR_1920x1080_3000k.mp4,SDR,1920x1080,3000,9.20046880910827,AIPT_101_STM-1700_7,VoD
AIPT_101_STM-1700_7_SDR_2560x1440_10000k.mp4,SDR,2560x1440,10000,9.524320473488820,AIPT_101_STM-1700_7,VoD
AIPT_101_STM-1700_7_SDR_3840x2160_15000k.mp4,SDR,3840x2160,15000,10.05398002764900,AIPT_101_STM-1700_7,VoD
AIPT_101_STM-1700_7_SDR_3840x2160_50000k.mp4,SDR,3840x2160,50000,10.0,AIPT_101_STM-1700_7,VoD
AIPT_101_STM-1700_7_SDR_3840x2160_6000k.mp4,SDR,3840x2160,6000,9.780371920992020,AIPT_101_STM-1700_7,VoD
AIPT_101_STM-1700_7_SDR_960x540_1500k.mp4,SDR,960x540,1500,7.9280507694619300,AIPT_101_STM-1700_7,VoD
AIPT_101_STM-1700_7_SDR_960x540_800k.mp4,SDR,960x540,800,6.91560369150878,AIPT_101_STM-1700_7,VoD
Anchor_4k-ref-Flowers-na-HDR_res1080_rate20p0_maxRate3000_bufSize8000_fps60p000.mp4,HDR10,1920x1080,3000,6.78200056885228,Anchor_4k-ref-Flowers-na-,Anchor
Anchor_4k-ref-Flowers-na-HDR_res1440_rate15p0_maxRate10000_bufSize20000_fps60p000.mp4,HDR10,2560x1440,10000,8.221475349780350,Anchor_4k-ref-Flowers-na-,Anchor
Anchor_4k-ref-Flowers-na-HDR_res2160_rate17p5_maxRate15000_bufSize22500_fps60p000.mp4,HDR10,3840x2160,15000,8.581220738008130,Anchor_4k-ref-Flowers-na-,Anchor
Anchor_4k-ref-Flowers-na-HDR_res2160_rate25p0_maxRate6000_bufSize15000_fps60p000.mp4,HDR10,3840x2160,6000,7.12510608106032,Anchor_4k-ref-Flowers-na-,Anchor
Anchor_4k-ref-Flowers-na-HDR_res2160_rate5p0_maxRate100000_bufSize200000_fps60p000.mp4,HDR10,3840x2160,100000,10.0,Anchor_4k-ref-Flowers-na-,Anchor
Anchor_4k-ref-Flowers-na-HDR_res576_rate25p0_maxRate800_bufSize2000_fps60p000.mp4,HDR10,1024x576,800,4.92778356385527,Anchor_4k-ref-Flowers-na-,Anchor
Anchor_4k-ref-Flowers-na-HDR_res720_rate17p0_maxRate3000_bufSize6000_fps60p000.mp4,HDR10,1280x720,3000,6.6541004518246800,Anchor_4k-ref-Flowers-na-,Anchor
Anchor_4k-ref-Flowers-na-SDR_res1080_rate27p0_maxRate3000_bufSize8000_fps60p000.mp4,SDR,1920x1080,3000,7.943957578163130,Anchor_4k-ref-Flowers-na-,Anchor
Anchor_4k-ref-Flowers-na-SDR_res1440_rate19p0_maxRate10000_bufSize20000_fps60p000.mp4,SDR,2560x1440,10000,8.9849156478742,Anchor_4k-ref-Flowers-na-,Anchor
Anchor_4k-ref-Flowers-na-SDR_res2160_rate22p0_maxRate15000_bufSize22500_fps60p000.mp4,SDR,3840x2160,15000,9.7415632482411,Anchor_4k-ref-Flowers-na-,Anchor
Anchor_4k-ref-Flowers-na-SDR_res2160_rate28p0_maxRate6000_bufSize15000_fps60p000.mp4,SDR,3840x2160,6000,8.72258945940413,Anchor_4k-ref-Flowers-na-,Anchor
Anchor_4k-ref-Flowers-na-SDR_res2160_rate5p0_maxRate100000_bufSize200000_fps60p000.mp4,SDR,3840x2160,100000,10.0,Anchor_4k-ref-Flowers-na-,Anchor
Anchor_4k-ref-Flowers-na-SDR_res576_rate30p0_maxRate800_bufSize2000_fps60p000.mp4,SDR,1024x576,800,7.00775791605176,Anchor_4k-ref-Flowers-na-,Anchor
Anchor_4k-ref-Flowers-na-SDR_res720_rate24p5_maxRate3000_bufSize6000_fps60p000.mp4,SDR,1280x720,3000,7.86010930357015,Anchor_4k-ref-Flowers-na-,Anchor
Anchor_epl2LeyVsWre-Test2-00h00m30s-HDR_res1080_rate20p0_maxRate3000_bufSize8000_fps50p000.mp4,HDR10,1920x1080,3000,7.8292716173565000,Anchor_epl2LeyVsWre-Test2-00h00m30s-,Anchor
Anchor_epl2LeyVsWre-Test2-00h00m30s-HDR_res1440_rate15p0_maxRate10000_bufSize20000_fps50p000.mp4,HDR10,2560x1440,10000,9.40930126088679,Anchor_epl2LeyVsWre-Test2-00h00m30s-,Anchor
Anchor_epl2LeyVsWre-Test2-00h00m30s-HDR_res2160_rate17p5_maxRate15000_bufSize22500_fps50p000.mp4,HDR10,3840x2160,15000,9.51044764439016,Anchor_epl2LeyVsWre-Test2-00h00m30s-,Anchor
Anchor_epl2LeyVsWre-Test2-00h00m30s-HDR_res2160_rate25p0_maxRate6000_bufSize15000_fps50p000.mp4,HDR10,3840x2160,6000,9.50240748226106,Anchor_epl2LeyVsWre-Test2-00h00m30s-,Anchor
Anchor_epl2LeyVsWre-Test2-00h00m30s-HDR_res2160_rate5p0_maxRate100000_bufSize200000_fps50p000.mp4,HDR10,3840x2160,100000,10.0,Anchor_epl2LeyVsWre-Test2-00h00m30s-,Anchor
Anchor_epl2LeyVsWre-Test2-00h00m30s-HDR_res576_rate25p0_maxRate800_bufSize2000_fps50p000.mp4,HDR10,1024x576,800,6.76309070574272,Anchor_epl2LeyVsWre-Test2-00h00m30s-,Anchor
Anchor_epl2LeyVsWre-Test2-00h00m30s-HDR_res720_rate17p0_maxRate3000_bufSize6000_fps50p000.mp4,HDR10,1280x720,3000,8.56725479580067,Anchor_epl2LeyVsWre-Test2-00h00m30s-,Anchor
Anchor_epl2LeyVsWre-Test2-00h00m30s-SDR_res1080_rate27p0_maxRate3000_bufSize8000_fps50p000.mp4,SDR,1920x1080,3000,8.94577368624024,Anchor_epl2LeyVsWre-Test2-00h00m30s-,Anchor
Anchor_epl2LeyVsWre-Test2-00h00m30s-SDR_res1440_rate19p0_maxRate10000_bufSize20000_fps50p000.mp4,SDR,2560x1440,10000,9.29460083136885,Anchor_epl2LeyVsWre-Test2-00h00m30s-,Anchor
Anchor_epl2LeyVsWre-Test2-00h00m30s-SDR_res2160_rate22p0_maxRate15000_bufSize22500_fps50p000.mp4,SDR,3840x2160,15000,9.20049297847058,Anchor_epl2LeyVsWre-Test2-00h00m30s-,Anchor
Anchor_epl2LeyVsWre-Test2-00h00m30s-SDR_res2160_rate28p0_maxRate6000_bufSize15000_fps50p000.mp4,SDR,3840x2160,6000,9.43483386549049,Anchor_epl2LeyVsWre-Test2-00h00m30s-,Anchor
Anchor_epl2LeyVsWre-Test2-00h00m30s-SDR_res2160_rate5p0_maxRate100000_bufSize200000_fps50p000.mp4,SDR,3840x2160,100000,10.0,Anchor_epl2LeyVsWre-Test2-00h00m30s-,Anchor
Anchor_epl2LeyVsWre-Test2-00h00m30s-SDR_res576_rate30p0_maxRate800_bufSize2000_fps50p000.mp4,SDR,1024x576,800,7.7883875742065,Anchor_epl2LeyVsWre-Test2-00h00m30s-,Anchor
Anchor_epl2LeyVsWre-Test2-00h00m30s-SDR_res720_rate24p5_maxRate3000_bufSize6000_fps50p000.mp4,SDR,1280x720,3000,8.591306067519560,Anchor_epl2LeyVsWre-Test2-00h00m30s-,Anchor
Anchor_TMLT-101-00h01m41s-HDR_res1080_rate20p0_maxRate3000_bufSize8000_fps23p976.mp4,HDR10,1920x1080,3000,9.04033323002344,Anchor_TMLT-101-00h01m41s-,Anchor
Anchor_TMLT-101-00h01m41s-HDR_res1440_rate15p0_maxRate10000_bufSize20000_fps23p976.mp4,HDR10,2560x1440,10000,9.723176714133500,Anchor_TMLT-101-00h01m41s-,Anchor
Anchor_TMLT-101-00h01m41s-HDR_res2160_rate17p5_maxRate15000_bufSize22500_fps23p976.mp4,HDR10,3840x2160,15000,10.23906916764020,Anchor_TMLT-101-00h01m41s-,Anchor
Anchor_TMLT-101-00h01m41s-HDR_res2160_rate25p0_maxRate6000_bufSize15000_fps23p976.mp4,HDR10,3840x2160,6000,9.14046099324212,Anchor_TMLT-101-00h01m41s-,Anchor
Anchor_TMLT-101-00h01m41s-HDR_res2160_rate5p0_maxRate100000_bufSize200000_fps23p976.mp4,HDR10,3840x2160,100000,10.0,Anchor_TMLT-101-00h01m41s-,Anchor
Anchor_TMLT-101-00h01m41s-HDR_res576_rate25p0_maxRate800_bufSize2000_fps23p976.mp4,HDR10,1024x576,800,7.43654918113212,Anchor_TMLT-101-00h01m41s-,Anchor
Anchor_TMLT-101-00h01m41s-HDR_res720_rate17p0_maxRate3000_bufSize6000_fps23p976.mp4,HDR10,1280x720,3000,9.04487221036181,Anchor_TMLT-101-00h01m41s-,Anchor
Anchor_TMLT-101-00h01m41s-SDR_res1080_rate27p0_maxRate3000_bufSize8000_fps23p976.mp4,SDR,1920x1080,3000,8.47557877857459,Anchor_TMLT-101-00h01m41s-,Anchor
Anchor_TMLT-101-00h01m41s-SDR_res1440_rate19p0_maxRate10000_bufSize20000_fps23p976.mp4,SDR,2560x1440,10000,9.81655419087933,Anchor_TMLT-101-00h01m41s-,Anchor
Anchor_TMLT-101-00h01m41s-SDR_res2160_rate22p0_maxRate15000_bufSize22500_fps23p976.mp4,SDR,3840x2160,15000,9.432701836063740,Anchor_TMLT-101-00h01m41s-,Anchor
Anchor_TMLT-101-00h01m41s-SDR_res2160_rate28p0_maxRate6000_bufSize15000_fps23p976.mp4,SDR,3840x2160,6000,9.162589660612210,Anchor_TMLT-101-00h01m41s-,Anchor
Anchor_TMLT-101-00h01m41s-SDR_res2160_rate5p0_maxRate100000_bufSize200000_fps23p976.mp4,SDR,3840x2160,100000,10.0,Anchor_TMLT-101-00h01m41s-,Anchor
Anchor_TMLT-101-00h01m41s-SDR_res576_rate30p0_maxRate800_bufSize2000_fps23p976.mp4,SDR,1024x576,800,6.40402149333364,Anchor_TMLT-101-00h01m41s-,Anchor
Anchor_TMLT-101-00h01m41s-SDR_res720_rate24p5_maxRate3000_bufSize6000_fps23p976.mp4,SDR,1280x720,3000,7.97379487725841,Anchor_TMLT-101-00h01m41s-,Anchor
EPL_1_HDR10_1280x720_2000k.mp4,HDR10,1280x720,2000,7.41236644034176,EPL_1,Sports
EPL_1_HDR10_1280x720_4000k.mp4,HDR10,1280x720,4000,8.2729539337915,EPL_1,Sports
EPL_1_HDR10_1920x1080_3000k.mp4,HDR10,1920x1080,3000,8.60802286170127,EPL_1,Sports
EPL_1_HDR10_2560x1440_10000k.mp4,HDR10,2560x1440,10000,9.62027083635574,EPL_1,Sports
EPL_1_HDR10_3840x2160_15000k.mp4,HDR10,3840x2160,15000,10.39707354128950,EPL_1,Sports
EPL_1_HDR10_3840x2160_50000k.mp4,HDR10,3840x2160,50000,10.0,EPL_1,Sports
EPL_1_HDR10_3840x2160_6000k.mp4,HDR10,3840x2160,6000,9.102949087424110,EPL_1,Sports
EPL_1_HDR10_960x540_1500k.mp4,HDR10,960x540,1500,6.78946281042292,EPL_1,Sports
EPL_1_HDR10_960x540_800k.mp4,HDR10,960x540,800,5.26041940895117,EPL_1,Sports
EPL_1_SDR_1280x720_2000k.mp4,SDR,1280x720,2000,7.4516932886555,EPL_1,Sports
EPL_1_SDR_1280x720_4000k.mp4,SDR,1280x720,4000,7.7476129530600600,EPL_1,Sports
EPL_1_SDR_1920x1080_3000k.mp4,SDR,1920x1080,3000,8.47971666552872,EPL_1,Sports
EPL_1_SDR_2560x1440_10000k.mp4,SDR,2560x1440,10000,9.398830473375720,EPL_1,Sports
EPL_1_SDR_3840x2160_15000k.mp4,SDR,3840x2160,15000,10.057748420004000,EPL_1,Sports
EPL_1_SDR_3840x2160_50000k.mp4,SDR,3840x2160,50000,10.0,EPL_1,Sports
EPL_1_SDR_3840x2160_6000k.mp4,SDR,3840x2160,6000,9.39799575976279,EPL_1,Sports
EPL_1_SDR_960x540_1500k.mp4,SDR,960x540,1500,6.8196126406309,EPL_1,Sports
EPL_1_SDR_960x540_800k.mp4,SDR,960x540,800,5.72602883692722,EPL_1,Sports
EPL_2_HDR10_1280x720_2000k.mp4,HDR10,1280x720,2000,6.93251354480509,EPL_2,Sports
EPL_2_HDR10_1280x720_4000k.mp4,HDR10,1280x720,4000,7.5748752700026,EPL_2,Sports
EPL_2_HDR10_1920x1080_3000k.mp4,HDR10,1920x1080,3000,8.49491315247663,EPL_2,Sports
EPL_2_HDR10_2560x1440_10000k.mp4,HDR10,2560x1440,10000,9.69722643678529,EPL_2,Sports
EPL_2_HDR10_3840x2160_15000k.mp4,HDR10,3840x2160,15000,9.2401710221311,EPL_2,Sports
EPL_2_HDR10_3840x2160_50000k.mp4,HDR10,3840x2160,50000,10.0,EPL_2,Sports
EPL_2_HDR10_3840x2160_6000k.mp4,HDR10,3840x2160,6000,9.101911268258020,EPL_2,Sports
EPL_2_HDR10_960x540_1500k.mp4,HDR10,960x540,1500,6.64022469884452,EPL_2,Sports
EPL_2_HDR10_960x540_800k.mp4,HDR10,960x540,800,5.48053554139451,EPL_2,Sports
EPL_2_SDR_1280x720_2000k.mp4,SDR,1280x720,2000,8.11384031582981,EPL_2,Sports
EPL_2_SDR_1280x720_4000k.mp4,SDR,1280x720,4000,8.36709733872155,EPL_2,Sports
EPL_2_SDR_1920x1080_3000k.mp4,SDR,1920x1080,3000,9.5181884323919,EPL_2,Sports
EPL_2_SDR_2560x1440_10000k.mp4,SDR,2560x1440,10000,10.030268367179700,EPL_2,Sports
EPL_2_SDR_3840x2160_15000k.mp4,SDR,3840x2160,15000,10.42570270487550,EPL_2,Sports
EPL_2_SDR_3840x2160_50000k.mp4,SDR,3840x2160,50000,10.0,EPL_2,Sports
EPL_2_SDR_3840x2160_6000k.mp4,SDR,3840x2160,6000,9.61244675491117,EPL_2,Sports
EPL_2_SDR_960x540_1500k.mp4,SDR,960x540,1500,6.45658438536826,EPL_2,Sports
EPL_2_SDR_960x540_800k.mp4,SDR,960x540,800,6.2290351809641,EPL_2,Sports
EPL_3_HDR10_1280x720_2000k.mp4,HDR10,1280x720,2000,7.3519719683178,EPL_3,Sports
EPL_3_HDR10_1280x720_4000k.mp4,HDR10,1280x720,4000,7.73392746556449,EPL_3,Sports
EPL_3_HDR10_1920x1080_3000k.mp4,HDR10,1920x1080,3000,8.15629080465413,EPL_3,Sports
EPL_3_HDR10_2560x1440_10000k.mp4,HDR10,2560x1440,10000,9.26042170037743,EPL_3,Sports
EPL_3_HDR10_3840x2160_15000k.mp4,HDR10,3840x2160,15000,9.46228044678246,EPL_3,Sports
EPL_3_HDR10_3840x2160_50000k.mp4,HDR10,3840x2160,50000,10.0,EPL_3,Sports
EPL_3_HDR10_3840x2160_6000k.mp4,HDR10,3840x2160,6000,8.9845551426151,EPL_3,Sports
EPL_3_HDR10_960x540_1500k.mp4,HDR10,960x540,1500,6.69183752187221,EPL_3,Sports
EPL_3_HDR10_960x540_800k.mp4,HDR10,960x540,800,5.84069365166783,EPL_3,Sports
EPL_3_SDR_1280x720_2000k.mp4,SDR,1280x720,2000,7.8270703115883200,EPL_3,Sports
EPL_3_SDR_1280x720_4000k.mp4,SDR,1280x720,4000,8.84427454384319,EPL_3,Sports
EPL_3_SDR_1920x1080_3000k.mp4,SDR,1920x1080,3000,8.6943261453961,EPL_3,Sports
EPL_3_SDR_2560x1440_10000k.mp4,SDR,2560x1440,10000,9.549226747657420,EPL_3,Sports
EPL_3_SDR_3840x2160_15000k.mp4,SDR,3840x2160,15000,10.21010522301600,EPL_3,Sports
EPL_3_SDR_3840x2160_50000k.mp4,SDR,3840x2160,50000,10.0,EPL_3,Sports
EPL_3_SDR_3840x2160_6000k.mp4,SDR,3840x2160,6000,9.683935656408450,EPL_3,Sports
EPL_3_SDR_960x540_1500k.mp4,SDR,960x540,1500,6.91734923775101,EPL_3,Sports
EPL_3_SDR_960x540_800k.mp4,SDR,960x540,800,6.49707605105724,EPL_3,Sports
HNDO_101_STM-967_7_HDR10_1280x720_2000k.mp4,HDR10,1280x720,2000,9.17473153612335,HNDO_101_STM-967_7,VoD
HNDO_101_STM-967_7_HDR10_1280x720_4000k.mp4,HDR10,1280x720,4000,9.27208202874091,HNDO_101_STM-967_7,VoD
HNDO_101_STM-967_7_HDR10_1920x1080_3000k.mp4,HDR10,1920x1080,3000,9.84870873347735,HNDO_101_STM-967_7,VoD
HNDO_101_STM-967_7_HDR10_2560x1440_10000k.mp4,HDR10,2560x1440,10000,9.66937601918951,HNDO_101_STM-967_7,VoD
HNDO_101_STM-967_7_HDR10_3840x2160_15000k.mp4,HDR10,3840x2160,15000,10.28702098302710,HNDO_101_STM-967_7,VoD
HNDO_101_STM-967_7_HDR10_3840x2160_50000k.mp4,HDR10,3840x2160,50000,10.0,HNDO_101_STM-967_7,VoD
HNDO_101_STM-967_7_HDR10_3840x2160_6000k.mp4,HDR10,3840x2160,6000,9.63372107971435,HNDO_101_STM-967_7,VoD
HNDO_101_STM-967_7_HDR10_960x540_1500k.mp4,HDR10,960x540,1500,8.44140915779623,HNDO_101_STM-967_7,VoD
HNDO_101_STM-967_7_HDR10_960x540_800k.mp4,HDR10,960x540,800,8.30773795185379,HNDO_101_STM-967_7,VoD
HNDO_101_STM-967_7_SDR_1280x720_2000k.mp4,SDR,1280x720,2000,8.15138646699654,HNDO_101_STM-967_7,VoD
HNDO_101_STM-967_7_SDR_1280x720_4000k.mp4,SDR,1280x720,4000,9.0739330492411,HNDO_101_STM-967_7,VoD
HNDO_101_STM-967_7_SDR_1920x1080_3000k.mp4,SDR,1920x1080,3000,8.98601141231025,HNDO_101_STM-967_7,VoD
HNDO_101_STM-967_7_SDR_2560x1440_10000k.mp4,SDR,2560x1440,10000,9.554234823337720,HNDO_101_STM-967_7,VoD
HNDO_101_STM-967_7_SDR_3840x2160_15000k.mp4,SDR,3840x2160,15000,9.90256763755376,HNDO_101_STM-967_7,VoD
HNDO_101_STM-967_7_SDR_3840x2160_50000k.mp4,SDR,3840x2160,50000,10.0,HNDO_101_STM-967_7,VoD
HNDO_101_STM-967_7_SDR_3840x2160_6000k.mp4,SDR,3840x2160,6000,9.46838627431148,HNDO_101_STM-967_7,VoD
HNDO_101_STM-967_7_SDR_960x540_1500k.mp4,SDR,960x540,1500,7.95435612953644,HNDO_101_STM-967_7,VoD
HNDO_101_STM-967_7_SDR_960x540_800k.mp4,SDR,960x540,800,7.47369401199043,HNDO_101_STM-967_7,VoD
KLHT_AOM_TRL-2044_7_HDR10_1280x720_2000k.mp4,HDR10,1280x720,2000,8.63780633870709,KLHT_AOM_TRL-2044_7,VoD
KLHT_AOM_TRL-2044_7_HDR10_1280x720_4000k.mp4,HDR10,1280x720,4000,9.08712237781665,KLHT_AOM_TRL-2044_7,VoD
KLHT_AOM_TRL-2044_7_HDR10_1920x1080_3000k.mp4,HDR10,1920x1080,3000,8.99743550927593,KLHT_AOM_TRL-2044_7,VoD
KLHT_AOM_TRL-2044_7_HDR10_2560x1440_10000k.mp4,HDR10,2560x1440,10000,9.6213868371609,KLHT_AOM_TRL-2044_7,VoD
KLHT_AOM_TRL-2044_7_HDR10_3840x2160_15000k.mp4,HDR10,3840x2160,15000,9.916901337653820,KLHT_AOM_TRL-2044_7,VoD
KLHT_AOM_TRL-2044_7_HDR10_3840x2160_50000k.mp4,HDR10,3840x2160,50000,10.0,KLHT_AOM_TRL-2044_7,VoD
KLHT_AOM_TRL-2044_7_HDR10_3840x2160_6000k.mp4,HDR10,3840x2160,6000,9.58057827460175,KLHT_AOM_TRL-2044_7,VoD
KLHT_AOM_TRL-2044_7_HDR10_960x540_1500k.mp4,HDR10,960x540,1500,7.971529383863930,KLHT_AOM_TRL-2044_7,VoD
KLHT_AOM_TRL-2044_7_HDR10_960x540_800k.mp4,HDR10,960x540,800,7.5301934587934,KLHT_AOM_TRL-2044_7,VoD
KLHT_AOM_TRL-2044_7_SDR_1280x720_2000k.mp4,SDR,1280x720,2000,8.08079016522656,KLHT_AOM_TRL-2044_7,VoD
KLHT_AOM_TRL-2044_7_SDR_1280x720_4000k.mp4,SDR,1280x720,4000,8.46750454529625,KLHT_AOM_TRL-2044_7,VoD
KLHT_AOM_TRL-2044_7_SDR_1920x1080_3000k.mp4,SDR,1920x1080,3000,9.012158483222760,KLHT_AOM_TRL-2044_7,VoD
KLHT_AOM_TRL-2044_7_SDR_2560x1440_10000k.mp4,SDR,2560x1440,10000,9.0087796281462,KLHT_AOM_TRL-2044_7,VoD
KLHT_AOM_TRL-2044_7_SDR_3840x2160_15000k.mp4,SDR,3840x2160,15000,9.4875444360849,KLHT_AOM_TRL-2044_7,VoD
KLHT_AOM_TRL-2044_7_SDR_3840x2160_50000k.mp4,SDR,3840x2160,50000,10.0,KLHT_AOM_TRL-2044_7,VoD
KLHT_AOM_TRL-2044_7_SDR_3840x2160_6000k.mp4,SDR,3840x2160,6000,9.48367927815737,KLHT_AOM_TRL-2044_7,VoD
KLHT_AOM_TRL-2044_7_SDR_960x540_1500k.mp4,SDR,960x540,1500,7.7498259170080500,KLHT_AOM_TRL-2044_7,VoD
KLHT_AOM_TRL-2044_7_SDR_960x540_800k.mp4,SDR,960x540,800,7.43246545928588,KLHT_AOM_TRL-2044_7,VoD
LTUM_102_STM-724_7_HDR10_1280x720_2000k.mp4,HDR10,1280x720,2000,8.59594505050253,LTUM_102_STM-724_7,VoD
LTUM_102_STM-724_7_HDR10_1280x720_4000k.mp4,HDR10,1280x720,4000,8.8235713710286,LTUM_102_STM-724_7,VoD
LTUM_102_STM-724_7_HDR10_1920x1080_3000k.mp4,HDR10,1920x1080,3000,9.45819734185651,LTUM_102_STM-724_7,VoD
LTUM_102_STM-724_7_HDR10_2560x1440_10000k.mp4,HDR10,2560x1440,10000,10.00523394137100,LTUM_102_STM-724_7,VoD
LTUM_102_STM-724_7_HDR10_3840x2160_15000k.mp4,HDR10,3840x2160,15000,9.88589968772464,LTUM_102_STM-724_7,VoD
LTUM_102_STM-724_7_HDR10_3840x2160_50000k.mp4,HDR10,3840x2160,50000,10.0,LTUM_102_STM-724_7,VoD
LTUM_102_STM-724_7_HDR10_3840x2160_6000k.mp4,HDR10,3840x2160,6000,9.6564575030374,LTUM_102_STM-724_7,VoD
LTUM_102_STM-724_7_HDR10_960x540_1500k.mp4,HDR10,960x540,1500,8.09627330628068,LTUM_102_STM-724_7,VoD
LTUM_102_STM-724_7_HDR10_960x540_800k.mp4,HDR10,960x540,800,7.1048843153972,LTUM_102_STM-724_7,VoD
LTUM_102_STM-724_7_SDR_1280x720_2000k.mp4,SDR,1280x720,2000,8.988525648959480,LTUM_102_STM-724_7,VoD
LTUM_102_STM-724_7_SDR_1280x720_4000k.mp4,SDR,1280x720,4000,9.24137275731146,LTUM_102_STM-724_7,VoD
LTUM_102_STM-724_7_SDR_1920x1080_3000k.mp4,SDR,1920x1080,3000,9.3277867869998,LTUM_102_STM-724_7,VoD
LTUM_102_STM-724_7_SDR_2560x1440_10000k.mp4,SDR,2560x1440,10000,9.61861445731415,LTUM_102_STM-724_7,VoD
LTUM_102_STM-724_7_SDR_3840x2160_15000k.mp4,SDR,3840x2160,15000,10.1700967010397,LTUM_102_STM-724_7,VoD
LTUM_102_STM-724_7_SDR_3840x2160_50000k.mp4,SDR,3840x2160,50000,10.0,LTUM_102_STM-724_7,VoD
LTUM_102_STM-724_7_SDR_3840x2160_6000k.mp4,SDR,3840x2160,6000,10.06562177585410,LTUM_102_STM-724_7,VoD
LTUM_102_STM-724_7_SDR_960x540_1500k.mp4,SDR,960x540,1500,8.15722698930413,LTUM_102_STM-724_7,VoD
LTUM_102_STM-724_7_SDR_960x540_800k.mp4,SDR,960x540,800,7.76959037723643,LTUM_102_STM-724_7,VoD
LTUM_201_STM-2257_7_HDR10_1280x720_2000k.mp4,HDR10,1280x720,2000,9.90719833195811,LTUM_201_STM-2257_7,VoD
LTUM_201_STM-2257_7_HDR10_1280x720_4000k.mp4,HDR10,1280x720,4000,9.848269788252220,LTUM_201_STM-2257_7,VoD
LTUM_201_STM-2257_7_HDR10_1920x1080_3000k.mp4,HDR10,1920x1080,3000,9.9678006103112,LTUM_201_STM-2257_7,VoD
LTUM_201_STM-2257_7_HDR10_2560x1440_10000k.mp4,HDR10,2560x1440,10000,9.95760987038851,LTUM_201_STM-2257_7,VoD
LTUM_201_STM-2257_7_HDR10_3840x2160_15000k.mp4,HDR10,3840x2160,15000,10.18915823194690,LTUM_201_STM-2257_7,VoD
LTUM_201_STM-2257_7_HDR10_3840x2160_50000k.mp4,HDR10,3840x2160,50000,10.0,LTUM_201_STM-2257_7,VoD
LTUM_201_STM-2257_7_HDR10_3840x2160_6000k.mp4,HDR10,3840x2160,6000,10.07497785124410,LTUM_201_STM-2257_7,VoD
LTUM_201_STM-2257_7_HDR10_960x540_1500k.mp4,HDR10,960x540,1500,9.49998522359808,LTUM_201_STM-2257_7,VoD
LTUM_201_STM-2257_7_HDR10_960x540_800k.mp4,HDR10,960x540,800,8.77333764763367,LTUM_201_STM-2257_7,VoD
LTUM_201_STM-2257_7_SDR_1280x720_2000k.mp4,SDR,1280x720,2000,9.13554359303393,LTUM_201_STM-2257_7,VoD
LTUM_201_STM-2257_7_SDR_1280x720_4000k.mp4,SDR,1280x720,4000,9.87428632623243,LTUM_201_STM-2257_7,VoD
LTUM_201_STM-2257_7_SDR_1920x1080_3000k.mp4,SDR,1920x1080,3000,9.61494080945066,LTUM_201_STM-2257_7,VoD
LTUM_201_STM-2257_7_SDR_2560x1440_10000k.mp4,SDR,2560x1440,10000,9.69048391694909,LTUM_201_STM-2257_7,VoD
LTUM_201_STM-2257_7_SDR_3840x2160_15000k.mp4,SDR,3840x2160,15000,9.744536940651000,LTUM_201_STM-2257_7,VoD
LTUM_201_STM-2257_7_SDR_3840x2160_50000k.mp4,SDR,3840x2160,50000,10.0,LTUM_201_STM-2257_7,VoD
LTUM_201_STM-2257_7_SDR_3840x2160_6000k.mp4,SDR,3840x2160,6000,9.72518409876839,LTUM_201_STM-2257_7,VoD
LTUM_201_STM-2257_7_SDR_960x540_1500k.mp4,SDR,960x540,1500,9.05396425650347,LTUM_201_STM-2257_7,VoD
LTUM_201_STM-2257_7_SDR_960x540_800k.mp4,SDR,960x540,800,8.84604144009402,LTUM_201_STM-2257_7,VoD
LTUM_201_STM-2576_8_HDR10_1280x720_2000k.mp4,HDR10,1280x720,2000,8.55240352627394,LTUM_201_STM-2576_8,VoD
LTUM_201_STM-2576_8_HDR10_1280x720_4000k.mp4,HDR10,1280x720,4000,8.81687977993871,LTUM_201_STM-2576_8,VoD
LTUM_201_STM-2576_8_HDR10_1920x1080_3000k.mp4,HDR10,1920x1080,3000,9.51010687953354,LTUM_201_STM-2576_8,VoD
LTUM_201_STM-2576_8_HDR10_2560x1440_10000k.mp4,HDR10,2560x1440,10000,9.80162502916706,LTUM_201_STM-2576_8,VoD
LTUM_201_STM-2576_8_HDR10_3840x2160_15000k.mp4,HDR10,3840x2160,15000,10.11688154216630,LTUM_201_STM-2576_8,VoD
LTUM_201_STM-2576_8_HDR10_3840x2160_50000k.mp4,HDR10,3840x2160,50000,10.0,LTUM_201_STM-2576_8,VoD
LTUM_201_STM-2576_8_HDR10_3840x2160_6000k.mp4,HDR10,3840x2160,6000,9.42663305088622,LTUM_201_STM-2576_8,VoD
LTUM_201_STM-2576_8_HDR10_960x540_1500k.mp4,HDR10,960x540,1500,7.99802757013946,LTUM_201_STM-2576_8,VoD
LTUM_201_STM-2576_8_HDR10_960x540_800k.mp4,HDR10,960x540,800,7.02984800124471,LTUM_201_STM-2576_8,VoD
LTUM_201_STM-2576_8_SDR_1280x720_2000k.mp4,SDR,1280x720,2000,8.41987318578351,LTUM_201_STM-2576_8,VoD
LTUM_201_STM-2576_8_SDR_1280x720_4000k.mp4,SDR,1280x720,4000,8.89759801453678,LTUM_201_STM-2576_8,VoD
LTUM_201_STM-2576_8_SDR_1920x1080_3000k.mp4,SDR,1920x1080,3000,9.16469256594942,LTUM_201_STM-2576_8,VoD
LTUM_201_STM-2576_8_SDR_2560x1440_10000k.mp4,SDR,2560x1440,10000,9.64085535645264,LTUM_201_STM-2576_8,VoD
LTUM_201_STM-2576_8_SDR_3840x2160_15000k.mp4,SDR,3840x2160,15000,10.07138346873720,LTUM_201_STM-2576_8,VoD
LTUM_201_STM-2576_8_SDR_3840x2160_50000k.mp4,SDR,3840x2160,50000,10.0,LTUM_201_STM-2576_8,VoD
LTUM_201_STM-2576_8_SDR_3840x2160_6000k.mp4,SDR,3840x2160,6000,10.07297062453650,LTUM_201_STM-2576_8,VoD
LTUM_201_STM-2576_8_SDR_960x540_1500k.mp4,SDR,960x540,1500,7.61549172798435,LTUM_201_STM-2576_8,VoD
LTUM_201_STM-2576_8_SDR_960x540_800k.mp4,SDR,960x540,800,6.82305570475717,LTUM_201_STM-2576_8,VoD
RCHR_202_STM-2480_7_HDR10_1280x720_2000k.mp4,HDR10,1280x720,2000,8.73675394577746,RCHR_202_STM-2480_7,VoD
RCHR_202_STM-2480_7_HDR10_1280x720_4000k.mp4,HDR10,1280x720,4000,8.91305083554114,RCHR_202_STM-2480_7,VoD
RCHR_202_STM-2480_7_HDR10_1920x1080_3000k.mp4,HDR10,1920x1080,3000,9.42632247289371,RCHR_202_STM-2480_7,VoD
RCHR_202_STM-2480_7_HDR10_2560x1440_10000k.mp4,HDR10,2560x1440,10000,9.85661323255465,RCHR_202_STM-2480_7,VoD
RCHR_202_STM-2480_7_HDR10_3840x2160_15000k.mp4,HDR10,3840x2160,15000,10.27472182302230,RCHR_202_STM-2480_7,VoD
RCHR_202_STM-2480_7_HDR10_3840x2160_50000k.mp4,HDR10,3840x2160,50000,10.0,RCHR_202_STM-2480_7,VoD
RCHR_202_STM-2480_7_HDR10_3840x2160_6000k.mp4,HDR10,3840x2160,6000,9.11317276729406,RCHR_202_STM-2480_7,VoD
RCHR_202_STM-2480_7_HDR10_960x540_1500k.mp4,HDR10,960x540,1500,8.66785427295225,RCHR_202_STM-2480_7,VoD
RCHR_202_STM-2480_7_HDR10_960x540_800k.mp4,HDR10,960x540,800,7.86522415775529,RCHR_202_STM-2480_7,VoD
RCHR_202_STM-2480_7_SDR_1280x720_2000k.mp4,SDR,1280x720,2000,8.87525144538068,RCHR_202_STM-2480_7,VoD
RCHR_202_STM-2480_7_SDR_1280x720_4000k.mp4,SDR,1280x720,4000,9.23616828812193,RCHR_202_STM-2480_7,VoD
RCHR_202_STM-2480_7_SDR_1920x1080_3000k.mp4,SDR,1920x1080,3000,9.368155714025620,RCHR_202_STM-2480_7,VoD
RCHR_202_STM-2480_7_SDR_2560x1440_10000k.mp4,SDR,2560x1440,10000,9.56459543044477,RCHR_202_STM-2480_7,VoD
RCHR_202_STM-2480_7_SDR_3840x2160_15000k.mp4,SDR,3840x2160,15000,9.94187418527452,RCHR_202_STM-2480_7,VoD
RCHR_202_STM-2480_7_SDR_3840x2160_50000k.mp4,SDR,3840x2160,50000,10.0,RCHR_202_STM-2480_7,VoD
RCHR_202_STM-2480_7_SDR_3840x2160_6000k.mp4,SDR,3840x2160,6000,9.35779284619285,RCHR_202_STM-2480_7,VoD
RCHR_202_STM-2480_7_SDR_960x540_1500k.mp4,SDR,960x540,1500,8.464845462737910,RCHR_202_STM-2480_7,VoD
RCHR_202_STM-2480_7_SDR_960x540_800k.mp4,SDR,960x540,800,7.9480344599424800,RCHR_202_STM-2480_7,VoD
TNF_1_HDR10_1280x720_2000k.mp4,HDR10,1280x720,2000,8.57428063007237,TNF_1,Sports
TNF_1_HDR10_1280x720_4000k.mp4,HDR10,1280x720,4000,9.15334215724804,TNF_1,Sports
TNF_1_HDR10_1920x1080_3000k.mp4,HDR10,1920x1080,3000,9.18772334782224,TNF_1,Sports
TNF_1_HDR10_2560x1440_10000k.mp4,HDR10,2560x1440,10000,9.844238134352010,TNF_1,Sports
TNF_1_HDR10_3840x2160_15000k.mp4,HDR10,3840x2160,15000,10.62061794695070,TNF_1,Sports
TNF_1_HDR10_3840x2160_50000k.mp4,HDR10,3840x2160,50000,10.0,TNF_1,Sports
TNF_1_HDR10_3840x2160_6000k.mp4,HDR10,3840x2160,6000,9.9510974348284,TNF_1,Sports
TNF_1_HDR10_960x540_1500k.mp4,HDR10,960x540,1500,7.57342548850833,TNF_1,Sports
TNF_1_HDR10_960x540_800k.mp4,HDR10,960x540,800,6.47342524727419,TNF_1,Sports
TNF_1_SDR_1280x720_2000k.mp4,SDR,1280x720,2000,8.04174386946636,TNF_1,Sports
TNF_1_SDR_1280x720_4000k.mp4,SDR,1280x720,4000,8.17021867303723,TNF_1,Sports
TNF_1_SDR_1920x1080_3000k.mp4,SDR,1920x1080,3000,8.67072670525329,TNF_1,Sports
TNF_1_SDR_2560x1440_10000k.mp4,SDR,2560x1440,10000,9.4549226692201,TNF_1,Sports
TNF_1_SDR_3840x2160_15000k.mp4,SDR,3840x2160,15000,9.25390674231552,TNF_1,Sports
TNF_1_SDR_3840x2160_50000k.mp4,SDR,3840x2160,50000,10.0,TNF_1,Sports
TNF_1_SDR_3840x2160_6000k.mp4,SDR,3840x2160,6000,9.2696194021616,TNF_1,Sports
TNF_1_SDR_960x540_1500k.mp4,SDR,960x540,1500,7.151450602356140,TNF_1,Sports
TNF_1_SDR_960x540_800k.mp4,SDR,960x540,800,6.46711849284844,TNF_1,Sports
TNF_2_HDR10_1280x720_2000k.mp4,HDR10,1280x720,2000,8.37599151734188,TNF_2,Sports
TNF_2_HDR10_1280x720_4000k.mp4,HDR10,1280x720,4000,8.46858613582155,TNF_2,Sports
TNF_2_HDR10_1920x1080_3000k.mp4,HDR10,1920x1080,3000,9.230986657185860,TNF_2,Sports
TNF_2_HDR10_2560x1440_10000k.mp4,HDR10,2560x1440,10000,10.335789765800800,TNF_2,Sports
TNF_2_HDR10_3840x2160_15000k.mp4,HDR10,3840x2160,15000,10.16975471447950,TNF_2,Sports
TNF_2_HDR10_3840x2160_50000k.mp4,HDR10,3840x2160,50000,10.0,TNF_2,Sports
TNF_2_HDR10_3840x2160_6000k.mp4,HDR10,3840x2160,6000,9.6404069620799,TNF_2,Sports
TNF_2_HDR10_960x540_1500k.mp4,HDR10,960x540,1500,7.38753481689508,TNF_2,Sports
TNF_2_HDR10_960x540_800k.mp4,HDR10,960x540,800,6.60293365500896,TNF_2,Sports
TNF_2_SDR_1280x720_2000k.mp4,SDR,1280x720,2000,8.230280457971360,TNF_2,Sports
TNF_2_SDR_1280x720_4000k.mp4,SDR,1280x720,4000,8.47906836693289,TNF_2,Sports
TNF_2_SDR_1920x1080_3000k.mp4,SDR,1920x1080,3000,9.208923195023130,TNF_2,Sports
TNF_2_SDR_2560x1440_10000k.mp4,SDR,2560x1440,10000,9.70352676098468,TNF_2,Sports
TNF_2_SDR_3840x2160_15000k.mp4,SDR,3840x2160,15000,9.4812179327258,TNF_2,Sports
TNF_2_SDR_3840x2160_50000k.mp4,SDR,3840x2160,50000,10.0,TNF_2,Sports
TNF_2_SDR_3840x2160_6000k.mp4,SDR,3840x2160,6000,9.44293100407047,TNF_2,Sports
TNF_2_SDR_960x540_1500k.mp4,SDR,960x540,1500,7.7038302819595300,TNF_2,Sports
TNF_2_SDR_960x540_800k.mp4,SDR,960x540,800,6.38461962038969,TNF_2,Sports
TNF_3_HDR10_1280x720_2000k.mp4,HDR10,1280x720,2000,7.2657871253697900,TNF_3,Sports
TNF_3_HDR10_1280x720_4000k.mp4,HDR10,1280x720,4000,8.06525938981312,TNF_3,Sports
TNF_3_HDR10_1920x1080_3000k.mp4,HDR10,1920x1080,3000,7.98950627818503,TNF_3,Sports
TNF_3_HDR10_2560x1440_10000k.mp4,HDR10,2560x1440,10000,9.31548374268796,TNF_3,Sports
TNF_3_HDR10_3840x2160_15000k.mp4,HDR10,3840x2160,15000,10.08987677901830,TNF_3,Sports
TNF_3_HDR10_3840x2160_50000k.mp4,HDR10,3840x2160,50000,10.0,TNF_3,Sports
TNF_3_HDR10_3840x2160_6000k.mp4,HDR10,3840x2160,6000,9.33470773521438,TNF_3,Sports
TNF_3_HDR10_960x540_1500k.mp4,HDR10,960x540,1500,6.38453464805463,TNF_3,Sports
TNF_3_HDR10_960x540_800k.mp4,HDR10,960x540,800,5.01818800707332,TNF_3,Sports
TNF_3_SDR_1280x720_2000k.mp4,SDR,1280x720,2000,7.671608527612700,TNF_3,Sports
TNF_3_SDR_1280x720_4000k.mp4,SDR,1280x720,4000,8.235607704603170,TNF_3,Sports
TNF_3_SDR_1920x1080_3000k.mp4,SDR,1920x1080,3000,8.444395017128790,TNF_3,Sports
TNF_3_SDR_2560x1440_10000k.mp4,SDR,2560x1440,10000,9.43385921653806,TNF_3,Sports
TNF_3_SDR_3840x2160_15000k.mp4,SDR,3840x2160,15000,9.71549906701158,TNF_3,Sports
TNF_3_SDR_3840x2160_50000k.mp4,SDR,3840x2160,50000,10.0,TNF_3,Sports
TNF_3_SDR_3840x2160_6000k.mp4,SDR,3840x2160,6000,9.09244670344374,TNF_3,Sports
TNF_3_SDR_960x540_1500k.mp4,SDR,960x540,1500,6.081922553804010,TNF_3,Sports
TNF_3_SDR_960x540_800k.mp4,SDR,960x540,800,5.5284480575094,TNF_3,Sports
TNF_4_HDR10_1280x720_2000k.mp4,HDR10,1280x720,2000,7.581222378160750,TNF_4,Sports
TNF_4_HDR10_1280x720_4000k.mp4,HDR10,1280x720,4000,8.0280013301181,TNF_4,Sports
TNF_4_HDR10_1920x1080_3000k.mp4,HDR10,1920x1080,3000,8.69083424737515,TNF_4,Sports
TNF_4_HDR10_2560x1440_10000k.mp4,HDR10,2560x1440,10000,9.804825521108300,TNF_4,Sports
TNF_4_HDR10_3840x2160_15000k.mp4,HDR10,3840x2160,15000,10.01923721371820,TNF_4,Sports
TNF_4_HDR10_3840x2160_50000k.mp4,HDR10,3840x2160,50000,10.0,TNF_4,Sports
TNF_4_HDR10_3840x2160_6000k.mp4,HDR10,3840x2160,6000,8.93030080872798,TNF_4,Sports
TNF_4_HDR10_960x540_1500k.mp4,HDR10,960x540,1500,7.00364411668464,TNF_4,Sports
TNF_4_HDR10_960x540_800k.mp4,HDR10,960x540,800,5.70793108702393,TNF_4,Sports
TNF_4_SDR_1280x720_2000k.mp4,SDR,1280x720,2000,8.33983439293611,TNF_4,Sports
TNF_4_SDR_1280x720_4000k.mp4,SDR,1280x720,4000,9.34689466355173,TNF_4,Sports
TNF_4_SDR_1920x1080_3000k.mp4,SDR,1920x1080,3000,9.33359295529322,TNF_4,Sports
TNF_4_SDR_2560x1440_10000k.mp4,SDR,2560x1440,10000,10.00778059278160,TNF_4,Sports
TNF_4_SDR_3840x2160_15000k.mp4,SDR,3840x2160,15000,10.19864565728670,TNF_4,Sports
TNF_4_SDR_3840x2160_50000k.mp4,SDR,3840x2160,50000,10.0,TNF_4,Sports
TNF_4_SDR_3840x2160_6000k.mp4,SDR,3840x2160,6000,10.00346283135270,TNF_4,Sports
TNF_4_SDR_960x540_1500k.mp4,SDR,960x540,1500,7.46341990009216,TNF_4,Sports
TNF_4_SDR_960x540_800k.mp4,SDR,960x540,800,7.06103924083235,TNF_4,Sports
UCL_1_HDR10_1280x720_2000k.mp4,HDR10,1280x720,2000,6.16459297496138,UCL_1,Sports
UCL_1_HDR10_1280x720_4000k.mp4,HDR10,1280x720,4000,7.21665187791764,UCL_1,Sports
UCL_1_HDR10_1920x1080_3000k.mp4,HDR10,1920x1080,3000,7.26996412316162,UCL_1,Sports
UCL_1_HDR10_2560x1440_10000k.mp4,HDR10,2560x1440,10000,8.948698361935990,UCL_1,Sports
UCL_1_HDR10_3840x2160_15000k.mp4,HDR10,3840x2160,15000,9.30620282136605,UCL_1,Sports
UCL_1_HDR10_3840x2160_50000k.mp4,HDR10,3840x2160,50000,10.0,UCL_1,Sports
UCL_1_HDR10_3840x2160_6000k.mp4,HDR10,3840x2160,6000,8.20586842687283,UCL_1,Sports
UCL_1_HDR10_960x540_1500k.mp4,HDR10,960x540,1500,5.321169155700020,UCL_1,Sports
UCL_1_HDR10_960x540_800k.mp4,HDR10,960x540,800,3.67916583127115,UCL_1,Sports
UCL_1_SDR_1280x720_2000k.mp4,SDR,1280x720,2000,6.5402836041474,UCL_1,Sports
UCL_1_SDR_1280x720_4000k.mp4,SDR,1280x720,4000,7.73435284872967,UCL_1,Sports
UCL_1_SDR_1920x1080_3000k.mp4,SDR,1920x1080,3000,8.056008453726780,UCL_1,Sports
UCL_1_SDR_2560x1440_10000k.mp4,SDR,2560x1440,10000,9.24779675290296,UCL_1,Sports
UCL_1_SDR_3840x2160_15000k.mp4,SDR,3840x2160,15000,9.535436929840300,UCL_1,Sports
UCL_1_SDR_3840x2160_50000k.mp4,SDR,3840x2160,50000,10.0,UCL_1,Sports
UCL_1_SDR_3840x2160_6000k.mp4,SDR,3840x2160,6000,8.36626095150917,UCL_1,Sports
UCL_1_SDR_960x540_1500k.mp4,SDR,960x540,1500,6.141685446838520,UCL_1,Sports
UCL_1_SDR_960x540_800k.mp4,SDR,960x540,800,5.20571034873706,UCL_1,Sports
UCL_2_HDR10_1280x720_2000k.mp4,HDR10,1280x720,2000,7.638267977987730,UCL_2,Sports
UCL_2_HDR10_1280x720_4000k.mp4,HDR10,1280x720,4000,8.37486556608188,UCL_2,Sports
UCL_2_HDR10_1920x1080_3000k.mp4,HDR10,1920x1080,3000,8.71997588097987,UCL_2,Sports
UCL_2_HDR10_2560x1440_10000k.mp4,HDR10,2560x1440,10000,9.88616020788167,UCL_2,Sports
UCL_2_HDR10_3840x2160_15000k.mp4,HDR10,3840x2160,15000,9.79259518546173,UCL_2,Sports
UCL_2_HDR10_3840x2160_50000k.mp4,HDR10,3840x2160,50000,10.0,UCL_2,Sports
UCL_2_HDR10_3840x2160_6000k.mp4,HDR10,3840x2160,6000,9.380136703774300,UCL_2,Sports
UCL_2_HDR10_960x540_1500k.mp4,HDR10,960x540,1500,6.58984439597846,UCL_2,Sports
UCL_2_HDR10_960x540_800k.mp4,HDR10,960x540,800,6.11318955871548,UCL_2,Sports
UCL_2_SDR_1280x720_2000k.mp4,SDR,1280x720,2000,7.34803262708933,UCL_2,Sports
UCL_2_SDR_1280x720_4000k.mp4,SDR,1280x720,4000,7.9136824600326,UCL_2,Sports
UCL_2_SDR_1920x1080_3000k.mp4,SDR,1920x1080,3000,8.738687570541070,UCL_2,Sports
UCL_2_SDR_2560x1440_10000k.mp4,SDR,2560x1440,10000,9.45618831823125,UCL_2,Sports
UCL_2_SDR_3840x2160_15000k.mp4,SDR,3840x2160,15000,9.674435512841760,UCL_2,Sports
UCL_2_SDR_3840x2160_50000k.mp4,SDR,3840x2160,50000,10.0,UCL_2,Sports
UCL_2_SDR_3840x2160_6000k.mp4,SDR,3840x2160,6000,9.73599433000648,UCL_2,Sports
UCL_2_SDR_960x540_1500k.mp4,SDR,960x540,1500,7.10225011999029,UCL_2,Sports
UCL_2_SDR_960x540_800k.mp4,SDR,960x540,800,5.3758978012133,UCL_2,Sports
UCL_3_HDR10_1280x720_2000k.mp4,HDR10,1280x720,2000,7.689129481382710,UCL_3,Sports
UCL_3_HDR10_1280x720_4000k.mp4,HDR10,1280x720,4000,8.00981256641591,UCL_3,Sports
UCL_3_HDR10_1920x1080_3000k.mp4,HDR10,1920x1080,3000,8.45044898301164,UCL_3,Sports
UCL_3_HDR10_2560x1440_10000k.mp4,HDR10,2560x1440,10000,9.35999316256527,UCL_3,Sports
UCL_3_HDR10_3840x2160_15000k.mp4,HDR10,3840x2160,15000,9.50330638068192,UCL_3,Sports
UCL_3_HDR10_3840x2160_50000k.mp4,HDR10,3840x2160,50000,10.0,UCL_3,Sports
UCL_3_HDR10_3840x2160_6000k.mp4,HDR10,3840x2160,6000,9.25859028873939,UCL_3,Sports
UCL_3_HDR10_960x540_1500k.mp4,HDR10,960x540,1500,6.47122633937102,UCL_3,Sports
UCL_3_HDR10_960x540_800k.mp4,HDR10,960x540,800,4.87416214215844,UCL_3,Sports
UCL_3_SDR_1280x720_2000k.mp4,SDR,1280x720,2000,7.134213141027890,UCL_3,Sports
UCL_3_SDR_1280x720_4000k.mp4,SDR,1280x720,4000,7.17070584110487,UCL_3,Sports
UCL_3_SDR_1920x1080_3000k.mp4,SDR,1920x1080,3000,7.82907957937256,UCL_3,Sports
UCL_3_SDR_2560x1440_10000k.mp4,SDR,2560x1440,10000,8.92601090827787,UCL_3,Sports
UCL_3_SDR_3840x2160_15000k.mp4,SDR,3840x2160,15000,9.18816578300048,UCL_3,Sports
UCL_3_SDR_3840x2160_50000k.mp4,SDR,3840x2160,50000,10.0,UCL_3,Sports
UCL_3_SDR_3840x2160_6000k.mp4,SDR,3840x2160,6000,8.84544856834497,UCL_3,Sports
UCL_3_SDR_960x540_1500k.mp4,SDR,960x540,1500,5.8695501475569,UCL_3,Sports
UCL_3_SDR_960x540_800k.mp4,SDR,960x540,800,5.01182934897949,UCL_3,Sports
WOFT_101_STM-1633_8_HDR10_1280x720_2000k.mp4,HDR10,1280x720,2000,8.90262075375054,WOFT_101_STM-1633_8,VoD
WOFT_101_STM-1633_8_HDR10_1280x720_4000k.mp4,HDR10,1280x720,4000,9.08054948381443,WOFT_101_STM-1633_8,VoD
WOFT_101_STM-1633_8_HDR10_1920x1080_3000k.mp4,HDR10,1920x1080,3000,9.63755681636766,WOFT_101_STM-1633_8,VoD
WOFT_101_STM-1633_8_HDR10_2560x1440_10000k.mp4,HDR10,2560x1440,10000,9.78712332037775,WOFT_101_STM-1633_8,VoD
WOFT_101_STM-1633_8_HDR10_3840x2160_15000k.mp4,HDR10,3840x2160,15000,9.59212531940181,WOFT_101_STM-1633_8,VoD
WOFT_101_STM-1633_8_HDR10_3840x2160_50000k.mp4,HDR10,3840x2160,50000,10.0,WOFT_101_STM-1633_8,VoD
WOFT_101_STM-1633_8_HDR10_3840x2160_6000k.mp4,HDR10,3840x2160,6000,9.08338875047404,WOFT_101_STM-1633_8,VoD
WOFT_101_STM-1633_8_HDR10_960x540_1500k.mp4,HDR10,960x540,1500,7.91437940864345,WOFT_101_STM-1633_8,VoD
WOFT_101_STM-1633_8_HDR10_960x540_800k.mp4,HDR10,960x540,800,7.64085252789302,WOFT_101_STM-1633_8,VoD
WOFT_101_STM-1633_8_SDR_1280x720_2000k.mp4,SDR,1280x720,2000,8.31020247661095,WOFT_101_STM-1633_8,VoD
WOFT_101_STM-1633_8_SDR_1280x720_4000k.mp4,SDR,1280x720,4000,8.88137696124121,WOFT_101_STM-1633_8,VoD
WOFT_101_STM-1633_8_SDR_1920x1080_3000k.mp4,SDR,1920x1080,3000,9.56628553756614,WOFT_101_STM-1633_8,VoD
WOFT_101_STM-1633_8_SDR_2560x1440_10000k.mp4,SDR,2560x1440,10000,10.15476071320870,WOFT_101_STM-1633_8,VoD
WOFT_101_STM-1633_8_SDR_3840x2160_15000k.mp4,SDR,3840x2160,15000,9.5521063481851,WOFT_101_STM-1633_8,VoD
WOFT_101_STM-1633_8_SDR_3840x2160_50000k.mp4,SDR,3840x2160,50000,10.0,WOFT_101_STM-1633_8,VoD
WOFT_101_STM-1633_8_SDR_3840x2160_6000k.mp4,SDR,3840x2160,6000,9.56104143175937,WOFT_101_STM-1633_8,VoD
WOFT_101_STM-1633_8_SDR_960x540_1500k.mp4,SDR,960x540,1500,7.976943543826500,WOFT_101_STM-1633_8,VoD
WOFT_101_STM-1633_8_SDR_960x540_800k.mp4,SDR,960x540,800,6.9852908786825,WOFT_101_STM-1633_8,VoD
WOFT_201_STM-441_8_HDR10_1280x720_2000k.mp4,HDR10,1280x720,2000,8.80069755990654,WOFT_201_STM-441_8,VoD
WOFT_201_STM-441_8_HDR10_1280x720_4000k.mp4,HDR10,1280x720,4000,9.42594079408508,WOFT_201_STM-441_8,VoD
WOFT_201_STM-441_8_HDR10_1920x1080_3000k.mp4,HDR10,1920x1080,3000,9.37063131649395,WOFT_201_STM-441_8,VoD
WOFT_201_STM-441_8_HDR10_2560x1440_10000k.mp4,HDR10,2560x1440,10000,9.90652022831408,WOFT_201_STM-441_8,VoD
WOFT_201_STM-441_8_HDR10_3840x2160_15000k.mp4,HDR10,3840x2160,15000,10.45663684295100,WOFT_201_STM-441_8,VoD
WOFT_201_STM-441_8_HDR10_3840x2160_50000k.mp4,HDR10,3840x2160,50000,10.0,WOFT_201_STM-441_8,VoD
WOFT_201_STM-441_8_HDR10_3840x2160_6000k.mp4,HDR10,3840x2160,6000,9.65406628824187,WOFT_201_STM-441_8,VoD
WOFT_201_STM-441_8_HDR10_960x540_1500k.mp4,HDR10,960x540,1500,8.48946364498141,WOFT_201_STM-441_8,VoD
WOFT_201_STM-441_8_HDR10_960x540_800k.mp4,HDR10,960x540,800,7.30069289437961,WOFT_201_STM-441_8,VoD
WOFT_201_STM-441_8_SDR_1280x720_2000k.mp4,SDR,1280x720,2000,8.63769066163935,WOFT_201_STM-441_8,VoD
WOFT_201_STM-441_8_SDR_1280x720_4000k.mp4,SDR,1280x720,4000,9.00864840359644,WOFT_201_STM-441_8,VoD
WOFT_201_STM-441_8_SDR_1920x1080_3000k.mp4,SDR,1920x1080,3000,8.84863584171476,WOFT_201_STM-441_8,VoD
WOFT_201_STM-441_8_SDR_2560x1440_10000k.mp4,SDR,2560x1440,10000,9.93019113498367,WOFT_201_STM-441_8,VoD
WOFT_201_STM-441_8_SDR_3840x2160_15000k.mp4,SDR,3840x2160,15000,9.91828091500809,WOFT_201_STM-441_8,VoD
WOFT_201_STM-441_8_SDR_3840x2160_50000k.mp4,SDR,3840x2160,50000,10.0,WOFT_201_STM-441_8,VoD
WOFT_201_STM-441_8_SDR_3840x2160_6000k.mp4,SDR,3840x2160,6000,9.59372619742528,WOFT_201_STM-441_8,VoD
WOFT_201_STM-441_8_SDR_960x540_1500k.mp4,SDR,960x540,1500,7.79879669659694,WOFT_201_STM-441_8,VoD
WOFT_201_STM-441_8_SDR_960x540_800k.mp4,SDR,960x540,800,7.57074314411356,WOFT_201_STM-441_8,VoD